article_group,article,id,split,question_number,question,choice_A,choice_B,choice_C,choice_D,answer,answer_text,requires_line
1,"SAT READING COMPREHENSION TEST

This passage is adapted from George Eliot, Silas Marner.
Originally published in 1861. Silas was a weaver and a
notorious miser, but then the gold he had hoarded was
stolen. Shortly after, Silas adopted a young child, Eppie, the
daughter of an impoverished woman who had died
suddenly.

    Unlike the gold which needed nothing, and must
be worshipped in close-locked solitude—which was
hidden away from the daylight, was deaf to the song
of birds, and started to no human tones—Eppie was a
creature of endless claims and ever-growing desires,
seeking and loving sunshine, and living sounds, and
living movements; making trial of everything, with
trust in new joy, and stirring the human kindness in
all eyes that looked on her. The gold had kept his
thoughts in an ever-repeated circle, leading to
nothing beyond itself; but Eppie was an object
compacted of changes and hopes that forced his
thoughts onward, and carried them far away from
their old eager pacing towards the same blank
limit—carried them away to the new things that
would come with the coming years, when Eppie
would have learned to understand how her father
Silas cared for her; and made him look for images of
that time in the ties and charities that bound together
the families of his neighbors. The gold had asked that
he should sit weaving longer and longer, deafened
and blinded more and more to all things except the
monotony of his loom and the repetition of his web;
but Eppie called him away from his weaving, and
made him think all its pauses a holiday, reawakening
his senses with her fresh life, even to the old
winter-flies that came crawling forth in the early
spring sunshine, and warming him into joy because
she had joy.
    And when the sunshine grew strong and lasting,
so that the buttercups were thick in the meadows,
Silas might be seen in the sunny mid-day, or in the
late afternoon when the shadows were lengthening
under the hedgerows, strolling out with uncovered
head to carry Eppie beyond the Stone-pits to where
the flowers grew, till they reached some favorite bank
where he could sit down, while Eppie toddled to
pluck the flowers, and make remarks to the winged
things that murmured happily above the bright
petals, calling “Dad-dad’s” attention continually by
bringing him the flowers. Then she would turn her
ear to some sudden bird-note, and Silas learned to
please her by making signs of hushed stillness, that
they might listen for the note to come again: so that
when it came, she set up her small back and laughed
with gurgling triumph. Sitting on the banks in this
way, Silas began to look for the once familiar herbs
again; and as the leaves, with their unchanged outline
and markings, lay on his palm, there was a sense of
crowding remembrances from which he turned away
timidly, taking refuge in Eppie’s little world, that lay
lightly on his enfeebled spirit.
    As the child’s mind was growing into knowledge,
his mind was growing into memory: as her life
unfolded, his soul, long stupefied in a cold narrow
prison, was unfolding too, and trembling gradually
into full consciousness.
    It was an influence which must gather force with
every new year: the tones that stirred Silas’ heart
grew articulate, and called for more distinct answers;
shapes and sounds grew clearer for Eppie’s eyes and
ears, and there was more that “Dad-dad” was
imperatively required to notice and account for.
Also, by the time Eppie was three years old, she
developed a fine capacity for mischief, and for
devising ingenious ways of being troublesome, which
found much exercise, not only for Silas’ patience, but
for his watchfulness and penetration. Sorely was poor
Silas puzzled on such occasions by the incompatible
demands of love.",sat-practice_7-question_1,train,1,Which choice best describes a major theme of the passage?,The corrupting influence of a materialistic society,The moral purity of young children,The bittersweet brevity of childhood naïveté,"The restorative power of parental love

Answer:",D,"The restorative power of parental love

Answer:",False
1,"SAT READING COMPREHENSION TEST

This passage is adapted from George Eliot, Silas Marner.
Originally published in 1861. Silas was a weaver and a
notorious miser, but then the gold he had hoarded was
stolen. Shortly after, Silas adopted a young child, Eppie, the
daughter of an impoverished woman who had died
suddenly.

    Unlike the gold which needed nothing, and must
be worshipped in close-locked solitude—which was
hidden away from the daylight, was deaf to the song
of birds, and started to no human tones—Eppie was a
creature of endless claims and ever-growing desires,
seeking and loving sunshine, and living sounds, and
living movements; making trial of everything, with
trust in new joy, and stirring the human kindness in
all eyes that looked on her. The gold had kept his
thoughts in an ever-repeated circle, leading to
nothing beyond itself; but Eppie was an object
compacted of changes and hopes that forced his
thoughts onward, and carried them far away from
their old eager pacing towards the same blank
limit—carried them away to the new things that
would come with the coming years, when Eppie
would have learned to understand how her father
Silas cared for her; and made him look for images of
that time in the ties and charities that bound together
the families of his neighbors. The gold had asked that
he should sit weaving longer and longer, deafened
and blinded more and more to all things except the
monotony of his loom and the repetition of his web;
but Eppie called him away from his weaving, and
made him think all its pauses a holiday, reawakening
his senses with her fresh life, even to the old
winter-flies that came crawling forth in the early
spring sunshine, and warming him into joy because
she had joy.
    And when the sunshine grew strong and lasting,
so that the buttercups were thick in the meadows,
Silas might be seen in the sunny mid-day, or in the
late afternoon when the shadows were lengthening
under the hedgerows, strolling out with uncovered
head to carry Eppie beyond the Stone-pits to where
the flowers grew, till they reached some favorite bank
where he could sit down, while Eppie toddled to
pluck the flowers, and make remarks to the winged
things that murmured happily above the bright
petals, calling “Dad-dad’s” attention continually by
bringing him the flowers. Then she would turn her
ear to some sudden bird-note, and Silas learned to
please her by making signs of hushed stillness, that
they might listen for the note to come again: so that
when it came, she set up her small back and laughed
with gurgling triumph. Sitting on the banks in this
way, Silas began to look for the once familiar herbs
again; and as the leaves, with their unchanged outline
and markings, lay on his palm, there was a sense of
crowding remembrances from which he turned away
timidly, taking refuge in Eppie’s little world, that lay
lightly on his enfeebled spirit.
    As the child’s mind was growing into knowledge,
his mind was growing into memory: as her life
unfolded, his soul, long stupefied in a cold narrow
prison, was unfolding too, and trembling gradually
into full consciousness.
    It was an influence which must gather force with
every new year: the tones that stirred Silas’ heart
grew articulate, and called for more distinct answers;
shapes and sounds grew clearer for Eppie’s eyes and
ears, and there was more that “Dad-dad” was
imperatively required to notice and account for.
Also, by the time Eppie was three years old, she
developed a fine capacity for mischief, and for
devising ingenious ways of being troublesome, which
found much exercise, not only for Silas’ patience, but
for his watchfulness and penetration. Sorely was poor
Silas puzzled on such occasions by the incompatible
demands of love.",sat-practice_7-question_2,train,2,"As compared with Silas’s gold, Eppie is portrayed as having more",vitality.,durability.,protection.,"selfsufficiency.

Answer:",A,vitality.,False
1,"SAT READING COMPREHENSION TEST

This passage is adapted from George Eliot, Silas Marner.
Originally published in 1861. Silas was a weaver and a
notorious miser, but then the gold he had hoarded was
stolen. Shortly after, Silas adopted a young child, Eppie, the
daughter of an impoverished woman who had died
suddenly.

    Unlike the gold which needed nothing, and must
be worshipped in close-locked solitude—which was
hidden away from the daylight, was deaf to the song
of birds, and started to no human tones—Eppie was a
creature of endless claims and ever-growing desires,
seeking and loving sunshine, and living sounds, and
living movements; making trial of everything, with
trust in new joy, and stirring the human kindness in
all eyes that looked on her. The gold had kept his
thoughts in an ever-repeated circle, leading to
nothing beyond itself; but Eppie was an object
compacted of changes and hopes that forced his
thoughts onward, and carried them far away from
their old eager pacing towards the same blank
limit—carried them away to the new things that
would come with the coming years, when Eppie
would have learned to understand how her father
Silas cared for her; and made him look for images of
that time in the ties and charities that bound together
the families of his neighbors. The gold had asked that
he should sit weaving longer and longer, deafened
and blinded more and more to all things except the
monotony of his loom and the repetition of his web;
but Eppie called him away from his weaving, and
made him think all its pauses a holiday, reawakening
his senses with her fresh life, even to the old
winter-flies that came crawling forth in the early
spring sunshine, and warming him into joy because
she had joy.
    And when the sunshine grew strong and lasting,
so that the buttercups were thick in the meadows,
Silas might be seen in the sunny mid-day, or in the
late afternoon when the shadows were lengthening
under the hedgerows, strolling out with uncovered
head to carry Eppie beyond the Stone-pits to where
the flowers grew, till they reached some favorite bank
where he could sit down, while Eppie toddled to
pluck the flowers, and make remarks to the winged
things that murmured happily above the bright
petals, calling “Dad-dad’s” attention continually by
bringing him the flowers. Then she would turn her
ear to some sudden bird-note, and Silas learned to
please her by making signs of hushed stillness, that
they might listen for the note to come again: so that
when it came, she set up her small back and laughed
with gurgling triumph. Sitting on the banks in this
way, Silas began to look for the once familiar herbs
again; and as the leaves, with their unchanged outline
and markings, lay on his palm, there was a sense of
crowding remembrances from which he turned away
timidly, taking refuge in Eppie’s little world, that lay
lightly on his enfeebled spirit.
    As the child’s mind was growing into knowledge,
his mind was growing into memory: as her life
unfolded, his soul, long stupefied in a cold narrow
prison, was unfolding too, and trembling gradually
into full consciousness.
    It was an influence which must gather force with
every new year: the tones that stirred Silas’ heart
grew articulate, and called for more distinct answers;
shapes and sounds grew clearer for Eppie’s eyes and
ears, and there was more that “Dad-dad” was
imperatively required to notice and account for.
Also, by the time Eppie was three years old, she
developed a fine capacity for mischief, and for
devising ingenious ways of being troublesome, which
found much exercise, not only for Silas’ patience, but
for his watchfulness and penetration. Sorely was poor
Silas puzzled on such occasions by the incompatible
demands of love.",sat-practice_7-question_3,train,3,Which statement best describes a technique the narrator uses to represent Silas’s character before he adopted Eppie?,The narrator emphasizes Silas’s former obsession with wealth by depicting his gold as requiring certain behaviors on his part.,The narrator underscores Silas’s former greed by describing his gold as seeming to reproduce on its own.,The narrator hints at Silas’s former antisocial attitude by contrasting his present behavior toward his neighbors with his past behavior toward them.,"The narrator demonstrates Silas’s former lack of self-awareness by implying that he is unable to recall life before Eppie.

Answer:",A,The narrator emphasizes Silas’s former obsession with wealth by depicting his gold as requiring certain behaviors on his part.,False
1,"SAT READING COMPREHENSION TEST

This passage is adapted from George Eliot, Silas Marner.
Originally published in 1861. Silas was a weaver and a
notorious miser, but then the gold he had hoarded was
stolen. Shortly after, Silas adopted a young child, Eppie, the
daughter of an impoverished woman who had died
suddenly.

    Unlike the gold which needed nothing, and must
be worshipped in close-locked solitude—which was
hidden away from the daylight, was deaf to the song
of birds, and started to no human tones—Eppie was a
creature of endless claims and ever-growing desires,
seeking and loving sunshine, and living sounds, and
living movements; making trial of everything, with
trust in new joy, and stirring the human kindness in
all eyes that looked on her. The gold had kept his
thoughts in an ever-repeated circle, leading to
nothing beyond itself; but Eppie was an object
compacted of changes and hopes that forced his
thoughts onward, and carried them far away from
their old eager pacing towards the same blank
limit—carried them away to the new things that
would come with the coming years, when Eppie
would have learned to understand how her father
Silas cared for her; and made him look for images of
that time in the ties and charities that bound together
the families of his neighbors. The gold had asked that
he should sit weaving longer and longer, deafened
and blinded more and more to all things except the
monotony of his loom and the repetition of his web;
but Eppie called him away from his weaving, and
made him think all its pauses a holiday, reawakening
his senses with her fresh life, even to the old
winter-flies that came crawling forth in the early
spring sunshine, and warming him into joy because
she had joy.
    And when the sunshine grew strong and lasting,
so that the buttercups were thick in the meadows,
Silas might be seen in the sunny mid-day, or in the
late afternoon when the shadows were lengthening
under the hedgerows, strolling out with uncovered
head to carry Eppie beyond the Stone-pits to where
the flowers grew, till they reached some favorite bank
where he could sit down, while Eppie toddled to
pluck the flowers, and make remarks to the winged
things that murmured happily above the bright
petals, calling “Dad-dad’s” attention continually by
bringing him the flowers. Then she would turn her
ear to some sudden bird-note, and Silas learned to
please her by making signs of hushed stillness, that
they might listen for the note to come again: so that
when it came, she set up her small back and laughed
with gurgling triumph. Sitting on the banks in this
way, Silas began to look for the once familiar herbs
again; and as the leaves, with their unchanged outline
and markings, lay on his palm, there was a sense of
crowding remembrances from which he turned away
timidly, taking refuge in Eppie’s little world, that lay
lightly on his enfeebled spirit.
    As the child’s mind was growing into knowledge,
his mind was growing into memory: as her life
unfolded, his soul, long stupefied in a cold narrow
prison, was unfolding too, and trembling gradually
into full consciousness.
    It was an influence which must gather force with
every new year: the tones that stirred Silas’ heart
grew articulate, and called for more distinct answers;
shapes and sounds grew clearer for Eppie’s eyes and
ears, and there was more that “Dad-dad” was
imperatively required to notice and account for.
Also, by the time Eppie was three years old, she
developed a fine capacity for mischief, and for
devising ingenious ways of being troublesome, which
found much exercise, not only for Silas’ patience, but
for his watchfulness and penetration. Sorely was poor
Silas puzzled on such occasions by the incompatible
demands of love.",sat-practice_7-question_4,train,4,The narrator uses the phrase “making trial of everything” (line 7) to present Eppie as,friendly.,curious.,disobedient.,"judgmental.

Answer:",B,curious.,True
1,"SAT READING COMPREHENSION TEST

This passage is adapted from George Eliot, Silas Marner.
Originally published in 1861. Silas was a weaver and a
notorious miser, but then the gold he had hoarded was
stolen. Shortly after, Silas adopted a young child, Eppie, the
daughter of an impoverished woman who had died
suddenly.

    Unlike the gold which needed nothing, and must
be worshipped in close-locked solitude—which was
hidden away from the daylight, was deaf to the song
of birds, and started to no human tones—Eppie was a
creature of endless claims and ever-growing desires,
seeking and loving sunshine, and living sounds, and
living movements; making trial of everything, with
trust in new joy, and stirring the human kindness in
all eyes that looked on her. The gold had kept his
thoughts in an ever-repeated circle, leading to
nothing beyond itself; but Eppie was an object
compacted of changes and hopes that forced his
thoughts onward, and carried them far away from
their old eager pacing towards the same blank
limit—carried them away to the new things that
would come with the coming years, when Eppie
would have learned to understand how her father
Silas cared for her; and made him look for images of
that time in the ties and charities that bound together
the families of his neighbors. The gold had asked that
he should sit weaving longer and longer, deafened
and blinded more and more to all things except the
monotony of his loom and the repetition of his web;
but Eppie called him away from his weaving, and
made him think all its pauses a holiday, reawakening
his senses with her fresh life, even to the old
winter-flies that came crawling forth in the early
spring sunshine, and warming him into joy because
she had joy.
    And when the sunshine grew strong and lasting,
so that the buttercups were thick in the meadows,
Silas might be seen in the sunny mid-day, or in the
late afternoon when the shadows were lengthening
under the hedgerows, strolling out with uncovered
head to carry Eppie beyond the Stone-pits to where
the flowers grew, till they reached some favorite bank
where he could sit down, while Eppie toddled to
pluck the flowers, and make remarks to the winged
things that murmured happily above the bright
petals, calling “Dad-dad’s” attention continually by
bringing him the flowers. Then she would turn her
ear to some sudden bird-note, and Silas learned to
please her by making signs of hushed stillness, that
they might listen for the note to come again: so that
when it came, she set up her small back and laughed
with gurgling triumph. Sitting on the banks in this
way, Silas began to look for the once familiar herbs
again; and as the leaves, with their unchanged outline
and markings, lay on his palm, there was a sense of
crowding remembrances from which he turned away
timidly, taking refuge in Eppie’s little world, that lay
lightly on his enfeebled spirit.
    As the child’s mind was growing into knowledge,
his mind was growing into memory: as her life
unfolded, his soul, long stupefied in a cold narrow
prison, was unfolding too, and trembling gradually
into full consciousness.
    It was an influence which must gather force with
every new year: the tones that stirred Silas’ heart
grew articulate, and called for more distinct answers;
shapes and sounds grew clearer for Eppie’s eyes and
ears, and there was more that “Dad-dad” was
imperatively required to notice and account for.
Also, by the time Eppie was three years old, she
developed a fine capacity for mischief, and for
devising ingenious ways of being troublesome, which
found much exercise, not only for Silas’ patience, but
for his watchfulness and penetration. Sorely was poor
Silas puzzled on such occasions by the incompatible
demands of love.",sat-practice_7-question_5,train,5,"According to the narrator, one consequence of Silas adopting Eppie is that he",has renounced all desire for money.,better understands his place in nature.,seems more accepting of help from others.,"looks forward to a different kind of future.

Answer:",D,"looks forward to a different kind of future.

Answer:",False
1,"SAT READING COMPREHENSION TEST

This passage is adapted from George Eliot, Silas Marner.
Originally published in 1861. Silas was a weaver and a
notorious miser, but then the gold he had hoarded was
stolen. Shortly after, Silas adopted a young child, Eppie, the
daughter of an impoverished woman who had died
suddenly.

    Unlike the gold which needed nothing, and must
be worshipped in close-locked solitude—which was
hidden away from the daylight, was deaf to the song
of birds, and started to no human tones—Eppie was a
creature of endless claims and ever-growing desires,
seeking and loving sunshine, and living sounds, and
living movements; making trial of everything, with
trust in new joy, and stirring the human kindness in
all eyes that looked on her. The gold had kept his
thoughts in an ever-repeated circle, leading to
nothing beyond itself; but Eppie was an object
compacted of changes and hopes that forced his
thoughts onward, and carried them far away from
their old eager pacing towards the same blank
limit—carried them away to the new things that
would come with the coming years, when Eppie
would have learned to understand how her father
Silas cared for her; and made him look for images of
that time in the ties and charities that bound together
the families of his neighbors. The gold had asked that
he should sit weaving longer and longer, deafened
and blinded more and more to all things except the
monotony of his loom and the repetition of his web;
but Eppie called him away from his weaving, and
made him think all its pauses a holiday, reawakening
his senses with her fresh life, even to the old
winter-flies that came crawling forth in the early
spring sunshine, and warming him into joy because
she had joy.
    And when the sunshine grew strong and lasting,
so that the buttercups were thick in the meadows,
Silas might be seen in the sunny mid-day, or in the
late afternoon when the shadows were lengthening
under the hedgerows, strolling out with uncovered
head to carry Eppie beyond the Stone-pits to where
the flowers grew, till they reached some favorite bank
where he could sit down, while Eppie toddled to
pluck the flowers, and make remarks to the winged
things that murmured happily above the bright
petals, calling “Dad-dad’s” attention continually by
bringing him the flowers. Then she would turn her
ear to some sudden bird-note, and Silas learned to
please her by making signs of hushed stillness, that
they might listen for the note to come again: so that
when it came, she set up her small back and laughed
with gurgling triumph. Sitting on the banks in this
way, Silas began to look for the once familiar herbs
again; and as the leaves, with their unchanged outline
and markings, lay on his palm, there was a sense of
crowding remembrances from which he turned away
timidly, taking refuge in Eppie’s little world, that lay
lightly on his enfeebled spirit.
    As the child’s mind was growing into knowledge,
his mind was growing into memory: as her life
unfolded, his soul, long stupefied in a cold narrow
prison, was unfolding too, and trembling gradually
into full consciousness.
    It was an influence which must gather force with
every new year: the tones that stirred Silas’ heart
grew articulate, and called for more distinct answers;
shapes and sounds grew clearer for Eppie’s eyes and
ears, and there was more that “Dad-dad” was
imperatively required to notice and account for.
Also, by the time Eppie was three years old, she
developed a fine capacity for mischief, and for
devising ingenious ways of being troublesome, which
found much exercise, not only for Silas’ patience, but
for his watchfulness and penetration. Sorely was poor
Silas puzzled on such occasions by the incompatible
demands of love.",sat-practice_7-question_7,train,7,What function does the second paragraph (lines 30-52) serve in the passage as a whole?,It presents the particular moment at which Silas realized that Eppie was changing him.,It highlights Silas’s love for Eppie by depicting the sacrifices that he makes for her.,It illustrates the effect that Eppie has on Silas by describing the interaction between them.,"It reveals a significant alteration in the relationship between Silas and Eppie.

Answer:",C,It illustrates the effect that Eppie has on Silas by describing the interaction between them.,True
1,"SAT READING COMPREHENSION TEST

This passage is adapted from George Eliot, Silas Marner.
Originally published in 1861. Silas was a weaver and a
notorious miser, but then the gold he had hoarded was
stolen. Shortly after, Silas adopted a young child, Eppie, the
daughter of an impoverished woman who had died
suddenly.

    Unlike the gold which needed nothing, and must
be worshipped in close-locked solitude—which was
hidden away from the daylight, was deaf to the song
of birds, and started to no human tones—Eppie was a
creature of endless claims and ever-growing desires,
seeking and loving sunshine, and living sounds, and
living movements; making trial of everything, with
trust in new joy, and stirring the human kindness in
all eyes that looked on her. The gold had kept his
thoughts in an ever-repeated circle, leading to
nothing beyond itself; but Eppie was an object
compacted of changes and hopes that forced his
thoughts onward, and carried them far away from
their old eager pacing towards the same blank
limit—carried them away to the new things that
would come with the coming years, when Eppie
would have learned to understand how her father
Silas cared for her; and made him look for images of
that time in the ties and charities that bound together
the families of his neighbors. The gold had asked that
he should sit weaving longer and longer, deafened
and blinded more and more to all things except the
monotony of his loom and the repetition of his web;
but Eppie called him away from his weaving, and
made him think all its pauses a holiday, reawakening
his senses with her fresh life, even to the old
winter-flies that came crawling forth in the early
spring sunshine, and warming him into joy because
she had joy.
    And when the sunshine grew strong and lasting,
so that the buttercups were thick in the meadows,
Silas might be seen in the sunny mid-day, or in the
late afternoon when the shadows were lengthening
under the hedgerows, strolling out with uncovered
head to carry Eppie beyond the Stone-pits to where
the flowers grew, till they reached some favorite bank
where he could sit down, while Eppie toddled to
pluck the flowers, and make remarks to the winged
things that murmured happily above the bright
petals, calling “Dad-dad’s” attention continually by
bringing him the flowers. Then she would turn her
ear to some sudden bird-note, and Silas learned to
please her by making signs of hushed stillness, that
they might listen for the note to come again: so that
when it came, she set up her small back and laughed
with gurgling triumph. Sitting on the banks in this
way, Silas began to look for the once familiar herbs
again; and as the leaves, with their unchanged outline
and markings, lay on his palm, there was a sense of
crowding remembrances from which he turned away
timidly, taking refuge in Eppie’s little world, that lay
lightly on his enfeebled spirit.
    As the child’s mind was growing into knowledge,
his mind was growing into memory: as her life
unfolded, his soul, long stupefied in a cold narrow
prison, was unfolding too, and trembling gradually
into full consciousness.
    It was an influence which must gather force with
every new year: the tones that stirred Silas’ heart
grew articulate, and called for more distinct answers;
shapes and sounds grew clearer for Eppie’s eyes and
ears, and there was more that “Dad-dad” was
imperatively required to notice and account for.
Also, by the time Eppie was three years old, she
developed a fine capacity for mischief, and for
devising ingenious ways of being troublesome, which
found much exercise, not only for Silas’ patience, but
for his watchfulness and penetration. Sorely was poor
Silas puzzled on such occasions by the incompatible
demands of love.",sat-practice_7-question_8,train,8,"In describing the relationship between Eppie and Silas, the narrator draws a connection between Eppie’s",physical vulnerability and Silas’s emotional fragility.,expanding awareness and Silas’s increasing engagement with life.,boundless energy and Silas’s insatiable desire for wealth.,"physical growth and Silas’s painful perception of his own mortality

Answer:",B,expanding awareness and Silas’s increasing engagement with life.,False
1,"SAT READING COMPREHENSION TEST

This passage is adapted from George Eliot, Silas Marner.
Originally published in 1861. Silas was a weaver and a
notorious miser, but then the gold he had hoarded was
stolen. Shortly after, Silas adopted a young child, Eppie, the
daughter of an impoverished woman who had died
suddenly.

    Unlike the gold which needed nothing, and must
be worshipped in close-locked solitude—which was
hidden away from the daylight, was deaf to the song
of birds, and started to no human tones—Eppie was a
creature of endless claims and ever-growing desires,
seeking and loving sunshine, and living sounds, and
living movements; making trial of everything, with
trust in new joy, and stirring the human kindness in
all eyes that looked on her. The gold had kept his
thoughts in an ever-repeated circle, leading to
nothing beyond itself; but Eppie was an object
compacted of changes and hopes that forced his
thoughts onward, and carried them far away from
their old eager pacing towards the same blank
limit—carried them away to the new things that
would come with the coming years, when Eppie
would have learned to understand how her father
Silas cared for her; and made him look for images of
that time in the ties and charities that bound together
the families of his neighbors. The gold had asked that
he should sit weaving longer and longer, deafened
and blinded more and more to all things except the
monotony of his loom and the repetition of his web;
but Eppie called him away from his weaving, and
made him think all its pauses a holiday, reawakening
his senses with her fresh life, even to the old
winter-flies that came crawling forth in the early
spring sunshine, and warming him into joy because
she had joy.
    And when the sunshine grew strong and lasting,
so that the buttercups were thick in the meadows,
Silas might be seen in the sunny mid-day, or in the
late afternoon when the shadows were lengthening
under the hedgerows, strolling out with uncovered
head to carry Eppie beyond the Stone-pits to where
the flowers grew, till they reached some favorite bank
where he could sit down, while Eppie toddled to
pluck the flowers, and make remarks to the winged
things that murmured happily above the bright
petals, calling “Dad-dad’s” attention continually by
bringing him the flowers. Then she would turn her
ear to some sudden bird-note, and Silas learned to
please her by making signs of hushed stillness, that
they might listen for the note to come again: so that
when it came, she set up her small back and laughed
with gurgling triumph. Sitting on the banks in this
way, Silas began to look for the once familiar herbs
again; and as the leaves, with their unchanged outline
and markings, lay on his palm, there was a sense of
crowding remembrances from which he turned away
timidly, taking refuge in Eppie’s little world, that lay
lightly on his enfeebled spirit.
    As the child’s mind was growing into knowledge,
his mind was growing into memory: as her life
unfolded, his soul, long stupefied in a cold narrow
prison, was unfolding too, and trembling gradually
into full consciousness.
    It was an influence which must gather force with
every new year: the tones that stirred Silas’ heart
grew articulate, and called for more distinct answers;
shapes and sounds grew clearer for Eppie’s eyes and
ears, and there was more that “Dad-dad” was
imperatively required to notice and account for.
Also, by the time Eppie was three years old, she
developed a fine capacity for mischief, and for
devising ingenious ways of being troublesome, which
found much exercise, not only for Silas’ patience, but
for his watchfulness and penetration. Sorely was poor
Silas puzzled on such occasions by the incompatible
demands of love.",sat-practice_7-question_10,train,10,"As used in line 65, “fine” most nearly means",acceptable.,delicate.,ornate.,"keen.

Answer:",D,"keen.

Answer:",True
2,"SAT READING COMPREHENSION TEST

This passage is adapted from David Rotman, “How
Technology Is Destroying Jobs.” ©2013 by MIT Technology
Review.

    MIT business scholars Erik Brynjolfsson and
Andrew McAfee have argued that impressive
advances in computer technology—from improved
industrial robotics to automated translation
services—are largely behind the sluggish
employment growth of the last 10 to 15 years. Even
more ominous for workers, they foresee dismal
prospects for many types of jobs as these powerful
new technologies are increasingly adopted not only
in manufacturing, clerical, and retail work but in
professions such as law, financial services, education,
and medicine.
    That robots, automation, and software can replace
people might seem obvious to anyone who’s worked
in automotive manufacturing or as a travel agent. But
Brynjolfsson and McAfee’s claim is more troubling
and controversial. They believe that rapid
technological change has been destroying jobs faster
than it is creating them, contributing to the
stagnation of median income and the growth of
inequality in the United States. And, they suspect,
something similar is happening in other
technologically advanced countries.
    As evidence, Brynjolfsson and McAfee point to a
chart that only an economist could love. In
economics, productivity—the amount of economic
value created for a given unit of input, such as an
hour of labor—is a crucial indicator of growth and
wealth creation. It is a measure of progress. On the
chart Brynjolfsson likes to show, separate lines
represent productivity and total employment in the
United States. For years after World War II, the
two lines closely tracked each other, with increases in
jobs corresponding to increases in productivity. The
pattern is clear: as businesses generated more value
from their workers, the country as a whole became
richer, which fueled more economic activity and
created even more jobs. Then, beginning in 2000, the
lines diverge; productivity continues to rise robustly,
but employment suddenly wilts. By 2011, a
significant gap appears between the two lines,
showing economic growth with no parallel increase
in job creation. Brynjolfsson and McAfee call it the
“great decoupling.” And Brynjolfsson says he is
confident that technology is behind both the healthy
growth in productivity and the weak growth in jobs.
    It’s a startling assertion because it threatens the
faith that many economists place in technological
progress. Brynjolfsson and McAfee still believe that
technology boosts productivity and makes societies
wealthier, but they think that it can also have a dark
side: technological progress is eliminating the need
for many types of jobs and leaving the typical worker
worse off than before. Brynjolfsson can point to a
second chart indicating that median income is failing
to rise even as the gross domestic product soars. “It’s
the great paradox of our era,” he says. “Productivity
is at record levels, innovation has never been faster,
and yet at the same time, we have a falling median
income and we have fewer jobs. People are falling
behind because technology is advancing so fast and
our skills and organizations aren’t keeping up.”
    While technological changes can be painful for
workers whose skills no longer match the needs of
employers, Lawrence Katz, a Harvard economist,
says that no historical pattern shows these shifts
leading to a net decrease in jobs over an extended
period. Katz has done extensive research on how
technological advances have affected jobs over the
last few centuries—describing, for example, how
highly skilled artisans in the mid-19th century were
displaced by lower-skilled workers in factories.
While it can take decades for workers to acquire the
expertise needed for new types of employment, he
says, “we never have run out of jobs. There is no
long-term trend of eliminating work for people. Over
the long term, employment rates are fairly
stable. People have always been able to create new
jobs. People come up with new things to do.”
    Still, Katz doesn’t dismiss the notion that there is
something different about today’s digital
technologies—something that could affect an even
broader range of work. The question, he says, is
whether economic history will serve as a useful
guide. Will the job disruptions caused by technology
be temporary as the workforce adapts, or will we see
a science-fiction scenario in which automated
processes and robots with superhuman skills take
over a broad swath of human tasks? Though Katz
expects the historical pattern to hold, it is “genuinely
a question,” he says. “If technology disrupts enough,
who knows what will happen?”",sat-practice_7-question_11,train,11,The main purpose of the passage is to,examine the role of technology in workers’ lives during the last century.,advocate for better technology to enhance workplace conditions.,argue for changes in how technology is deployed in the workplace.,"assess the impact of advancements in technology on overall job growth.

Answer:",D,"assess the impact of advancements in technology on overall job growth.

Answer:",False
2,"SAT READING COMPREHENSION TEST

This passage is adapted from David Rotman, “How
Technology Is Destroying Jobs.” ©2013 by MIT Technology
Review.

    MIT business scholars Erik Brynjolfsson and
Andrew McAfee have argued that impressive
advances in computer technology—from improved
industrial robotics to automated translation
services—are largely behind the sluggish
employment growth of the last 10 to 15 years. Even
more ominous for workers, they foresee dismal
prospects for many types of jobs as these powerful
new technologies are increasingly adopted not only
in manufacturing, clerical, and retail work but in
professions such as law, financial services, education,
and medicine.
    That robots, automation, and software can replace
people might seem obvious to anyone who’s worked
in automotive manufacturing or as a travel agent. But
Brynjolfsson and McAfee’s claim is more troubling
and controversial. They believe that rapid
technological change has been destroying jobs faster
than it is creating them, contributing to the
stagnation of median income and the growth of
inequality in the United States. And, they suspect,
something similar is happening in other
technologically advanced countries.
    As evidence, Brynjolfsson and McAfee point to a
chart that only an economist could love. In
economics, productivity—the amount of economic
value created for a given unit of input, such as an
hour of labor—is a crucial indicator of growth and
wealth creation. It is a measure of progress. On the
chart Brynjolfsson likes to show, separate lines
represent productivity and total employment in the
United States. For years after World War II, the
two lines closely tracked each other, with increases in
jobs corresponding to increases in productivity. The
pattern is clear: as businesses generated more value
from their workers, the country as a whole became
richer, which fueled more economic activity and
created even more jobs. Then, beginning in 2000, the
lines diverge; productivity continues to rise robustly,
but employment suddenly wilts. By 2011, a
significant gap appears between the two lines,
showing economic growth with no parallel increase
in job creation. Brynjolfsson and McAfee call it the
“great decoupling.” And Brynjolfsson says he is
confident that technology is behind both the healthy
growth in productivity and the weak growth in jobs.
    It’s a startling assertion because it threatens the
faith that many economists place in technological
progress. Brynjolfsson and McAfee still believe that
technology boosts productivity and makes societies
wealthier, but they think that it can also have a dark
side: technological progress is eliminating the need
for many types of jobs and leaving the typical worker
worse off than before. Brynjolfsson can point to a
second chart indicating that median income is failing
to rise even as the gross domestic product soars. “It’s
the great paradox of our era,” he says. “Productivity
is at record levels, innovation has never been faster,
and yet at the same time, we have a falling median
income and we have fewer jobs. People are falling
behind because technology is advancing so fast and
our skills and organizations aren’t keeping up.”
    While technological changes can be painful for
workers whose skills no longer match the needs of
employers, Lawrence Katz, a Harvard economist,
says that no historical pattern shows these shifts
leading to a net decrease in jobs over an extended
period. Katz has done extensive research on how
technological advances have affected jobs over the
last few centuries—describing, for example, how
highly skilled artisans in the mid-19th century were
displaced by lower-skilled workers in factories.
While it can take decades for workers to acquire the
expertise needed for new types of employment, he
says, “we never have run out of jobs. There is no
long-term trend of eliminating work for people. Over
the long term, employment rates are fairly
stable. People have always been able to create new
jobs. People come up with new things to do.”
    Still, Katz doesn’t dismiss the notion that there is
something different about today’s digital
technologies—something that could affect an even
broader range of work. The question, he says, is
whether economic history will serve as a useful
guide. Will the job disruptions caused by technology
be temporary as the workforce adapts, or will we see
a science-fiction scenario in which automated
processes and robots with superhuman skills take
over a broad swath of human tasks? Though Katz
expects the historical pattern to hold, it is “genuinely
a question,” he says. “If technology disrupts enough,
who knows what will happen?”",sat-practice_7-question_12,train,12,"According to Brynjolfsson and McAfee, advancements in technology since approximately the year 2000 have resulted in",low job growth in the United States.,global workplace changes.,more skilled laborers in the United States.,"no global creation of new jobs.

Answer:",A,low job growth in the United States.,False
2,"SAT READING COMPREHENSION TEST

This passage is adapted from David Rotman, “How
Technology Is Destroying Jobs.” ©2013 by MIT Technology
Review.

    MIT business scholars Erik Brynjolfsson and
Andrew McAfee have argued that impressive
advances in computer technology—from improved
industrial robotics to automated translation
services—are largely behind the sluggish
employment growth of the last 10 to 15 years. Even
more ominous for workers, they foresee dismal
prospects for many types of jobs as these powerful
new technologies are increasingly adopted not only
in manufacturing, clerical, and retail work but in
professions such as law, financial services, education,
and medicine.
    That robots, automation, and software can replace
people might seem obvious to anyone who’s worked
in automotive manufacturing or as a travel agent. But
Brynjolfsson and McAfee’s claim is more troubling
and controversial. They believe that rapid
technological change has been destroying jobs faster
than it is creating them, contributing to the
stagnation of median income and the growth of
inequality in the United States. And, they suspect,
something similar is happening in other
technologically advanced countries.
    As evidence, Brynjolfsson and McAfee point to a
chart that only an economist could love. In
economics, productivity—the amount of economic
value created for a given unit of input, such as an
hour of labor—is a crucial indicator of growth and
wealth creation. It is a measure of progress. On the
chart Brynjolfsson likes to show, separate lines
represent productivity and total employment in the
United States. For years after World War II, the
two lines closely tracked each other, with increases in
jobs corresponding to increases in productivity. The
pattern is clear: as businesses generated more value
from their workers, the country as a whole became
richer, which fueled more economic activity and
created even more jobs. Then, beginning in 2000, the
lines diverge; productivity continues to rise robustly,
but employment suddenly wilts. By 2011, a
significant gap appears between the two lines,
showing economic growth with no parallel increase
in job creation. Brynjolfsson and McAfee call it the
“great decoupling.” And Brynjolfsson says he is
confident that technology is behind both the healthy
growth in productivity and the weak growth in jobs.
    It’s a startling assertion because it threatens the
faith that many economists place in technological
progress. Brynjolfsson and McAfee still believe that
technology boosts productivity and makes societies
wealthier, but they think that it can also have a dark
side: technological progress is eliminating the need
for many types of jobs and leaving the typical worker
worse off than before. Brynjolfsson can point to a
second chart indicating that median income is failing
to rise even as the gross domestic product soars. “It’s
the great paradox of our era,” he says. “Productivity
is at record levels, innovation has never been faster,
and yet at the same time, we have a falling median
income and we have fewer jobs. People are falling
behind because technology is advancing so fast and
our skills and organizations aren’t keeping up.”
    While technological changes can be painful for
workers whose skills no longer match the needs of
employers, Lawrence Katz, a Harvard economist,
says that no historical pattern shows these shifts
leading to a net decrease in jobs over an extended
period. Katz has done extensive research on how
technological advances have affected jobs over the
last few centuries—describing, for example, how
highly skilled artisans in the mid-19th century were
displaced by lower-skilled workers in factories.
While it can take decades for workers to acquire the
expertise needed for new types of employment, he
says, “we never have run out of jobs. There is no
long-term trend of eliminating work for people. Over
the long term, employment rates are fairly
stable. People have always been able to create new
jobs. People come up with new things to do.”
    Still, Katz doesn’t dismiss the notion that there is
something different about today’s digital
technologies—something that could affect an even
broader range of work. The question, he says, is
whether economic history will serve as a useful
guide. Will the job disruptions caused by technology
be temporary as the workforce adapts, or will we see
a science-fiction scenario in which automated
processes and robots with superhuman skills take
over a broad swath of human tasks? Though Katz
expects the historical pattern to hold, it is “genuinely
a question,” he says. “If technology disrupts enough,
who knows what will happen?”",sat-practice_7-question_14,train,14,The primary purpose of lines 26-28 (“the amount...labor”) is to,describe a process.,highlight a dilemma.,clarify a claim.,"explain a term.

Answer:",D,"explain a term.

Answer:",True
2,"SAT READING COMPREHENSION TEST

This passage is adapted from David Rotman, “How
Technology Is Destroying Jobs.” ©2013 by MIT Technology
Review.

    MIT business scholars Erik Brynjolfsson and
Andrew McAfee have argued that impressive
advances in computer technology—from improved
industrial robotics to automated translation
services—are largely behind the sluggish
employment growth of the last 10 to 15 years. Even
more ominous for workers, they foresee dismal
prospects for many types of jobs as these powerful
new technologies are increasingly adopted not only
in manufacturing, clerical, and retail work but in
professions such as law, financial services, education,
and medicine.
    That robots, automation, and software can replace
people might seem obvious to anyone who’s worked
in automotive manufacturing or as a travel agent. But
Brynjolfsson and McAfee’s claim is more troubling
and controversial. They believe that rapid
technological change has been destroying jobs faster
than it is creating them, contributing to the
stagnation of median income and the growth of
inequality in the United States. And, they suspect,
something similar is happening in other
technologically advanced countries.
    As evidence, Brynjolfsson and McAfee point to a
chart that only an economist could love. In
economics, productivity—the amount of economic
value created for a given unit of input, such as an
hour of labor—is a crucial indicator of growth and
wealth creation. It is a measure of progress. On the
chart Brynjolfsson likes to show, separate lines
represent productivity and total employment in the
United States. For years after World War II, the
two lines closely tracked each other, with increases in
jobs corresponding to increases in productivity. The
pattern is clear: as businesses generated more value
from their workers, the country as a whole became
richer, which fueled more economic activity and
created even more jobs. Then, beginning in 2000, the
lines diverge; productivity continues to rise robustly,
but employment suddenly wilts. By 2011, a
significant gap appears between the two lines,
showing economic growth with no parallel increase
in job creation. Brynjolfsson and McAfee call it the
“great decoupling.” And Brynjolfsson says he is
confident that technology is behind both the healthy
growth in productivity and the weak growth in jobs.
    It’s a startling assertion because it threatens the
faith that many economists place in technological
progress. Brynjolfsson and McAfee still believe that
technology boosts productivity and makes societies
wealthier, but they think that it can also have a dark
side: technological progress is eliminating the need
for many types of jobs and leaving the typical worker
worse off than before. Brynjolfsson can point to a
second chart indicating that median income is failing
to rise even as the gross domestic product soars. “It’s
the great paradox of our era,” he says. “Productivity
is at record levels, innovation has never been faster,
and yet at the same time, we have a falling median
income and we have fewer jobs. People are falling
behind because technology is advancing so fast and
our skills and organizations aren’t keeping up.”
    While technological changes can be painful for
workers whose skills no longer match the needs of
employers, Lawrence Katz, a Harvard economist,
says that no historical pattern shows these shifts
leading to a net decrease in jobs over an extended
period. Katz has done extensive research on how
technological advances have affected jobs over the
last few centuries—describing, for example, how
highly skilled artisans in the mid-19th century were
displaced by lower-skilled workers in factories.
While it can take decades for workers to acquire the
expertise needed for new types of employment, he
says, “we never have run out of jobs. There is no
long-term trend of eliminating work for people. Over
the long term, employment rates are fairly
stable. People have always been able to create new
jobs. People come up with new things to do.”
    Still, Katz doesn’t dismiss the notion that there is
something different about today’s digital
technologies—something that could affect an even
broader range of work. The question, he says, is
whether economic history will serve as a useful
guide. Will the job disruptions caused by technology
be temporary as the workforce adapts, or will we see
a science-fiction scenario in which automated
processes and robots with superhuman skills take
over a broad swath of human tasks? Though Katz
expects the historical pattern to hold, it is “genuinely
a question,” he says. “If technology disrupts enough,
who knows what will happen?”",sat-practice_7-question_15,train,15,"As used in line 35, “clear” most nearly means",pure.,keen.,untroubled.,"unmistakable.

Answer:",D,"unmistakable.

Answer:",True
2,"SAT READING COMPREHENSION TEST

This passage is adapted from David Rotman, “How
Technology Is Destroying Jobs.” ©2013 by MIT Technology
Review.

    MIT business scholars Erik Brynjolfsson and
Andrew McAfee have argued that impressive
advances in computer technology—from improved
industrial robotics to automated translation
services—are largely behind the sluggish
employment growth of the last 10 to 15 years. Even
more ominous for workers, they foresee dismal
prospects for many types of jobs as these powerful
new technologies are increasingly adopted not only
in manufacturing, clerical, and retail work but in
professions such as law, financial services, education,
and medicine.
    That robots, automation, and software can replace
people might seem obvious to anyone who’s worked
in automotive manufacturing or as a travel agent. But
Brynjolfsson and McAfee’s claim is more troubling
and controversial. They believe that rapid
technological change has been destroying jobs faster
than it is creating them, contributing to the
stagnation of median income and the growth of
inequality in the United States. And, they suspect,
something similar is happening in other
technologically advanced countries.
    As evidence, Brynjolfsson and McAfee point to a
chart that only an economist could love. In
economics, productivity—the amount of economic
value created for a given unit of input, such as an
hour of labor—is a crucial indicator of growth and
wealth creation. It is a measure of progress. On the
chart Brynjolfsson likes to show, separate lines
represent productivity and total employment in the
United States. For years after World War II, the
two lines closely tracked each other, with increases in
jobs corresponding to increases in productivity. The
pattern is clear: as businesses generated more value
from their workers, the country as a whole became
richer, which fueled more economic activity and
created even more jobs. Then, beginning in 2000, the
lines diverge; productivity continues to rise robustly,
but employment suddenly wilts. By 2011, a
significant gap appears between the two lines,
showing economic growth with no parallel increase
in job creation. Brynjolfsson and McAfee call it the
“great decoupling.” And Brynjolfsson says he is
confident that technology is behind both the healthy
growth in productivity and the weak growth in jobs.
    It’s a startling assertion because it threatens the
faith that many economists place in technological
progress. Brynjolfsson and McAfee still believe that
technology boosts productivity and makes societies
wealthier, but they think that it can also have a dark
side: technological progress is eliminating the need
for many types of jobs and leaving the typical worker
worse off than before. Brynjolfsson can point to a
second chart indicating that median income is failing
to rise even as the gross domestic product soars. “It’s
the great paradox of our era,” he says. “Productivity
is at record levels, innovation has never been faster,
and yet at the same time, we have a falling median
income and we have fewer jobs. People are falling
behind because technology is advancing so fast and
our skills and organizations aren’t keeping up.”
    While technological changes can be painful for
workers whose skills no longer match the needs of
employers, Lawrence Katz, a Harvard economist,
says that no historical pattern shows these shifts
leading to a net decrease in jobs over an extended
period. Katz has done extensive research on how
technological advances have affected jobs over the
last few centuries—describing, for example, how
highly skilled artisans in the mid-19th century were
displaced by lower-skilled workers in factories.
While it can take decades for workers to acquire the
expertise needed for new types of employment, he
says, “we never have run out of jobs. There is no
long-term trend of eliminating work for people. Over
the long term, employment rates are fairly
stable. People have always been able to create new
jobs. People come up with new things to do.”
    Still, Katz doesn’t dismiss the notion that there is
something different about today’s digital
technologies—something that could affect an even
broader range of work. The question, he says, is
whether economic history will serve as a useful
guide. Will the job disruptions caused by technology
be temporary as the workforce adapts, or will we see
a science-fiction scenario in which automated
processes and robots with superhuman skills take
over a broad swath of human tasks? Though Katz
expects the historical pattern to hold, it is “genuinely
a question,” he says. “If technology disrupts enough,
who knows what will happen?”",sat-practice_7-question_16,train,16,Which of the following best characterizes Katz’s attitude toward “today’s digital technologies” (lines 81-82)?,He is alarmed about countries’ increasing reliance on them.,He is unconcerned about their effect on the economy.,He is uncertain how they might affect job growth.,"He is optimistic that they will spur job creation to a degree not seen since the mid-nineteenth century.

Answer:",C,He is uncertain how they might affect job growth.,True
2,"SAT READING COMPREHENSION TEST

This passage is adapted from David Rotman, “How
Technology Is Destroying Jobs.” ©2013 by MIT Technology
Review.

    MIT business scholars Erik Brynjolfsson and
Andrew McAfee have argued that impressive
advances in computer technology—from improved
industrial robotics to automated translation
services—are largely behind the sluggish
employment growth of the last 10 to 15 years. Even
more ominous for workers, they foresee dismal
prospects for many types of jobs as these powerful
new technologies are increasingly adopted not only
in manufacturing, clerical, and retail work but in
professions such as law, financial services, education,
and medicine.
    That robots, automation, and software can replace
people might seem obvious to anyone who’s worked
in automotive manufacturing or as a travel agent. But
Brynjolfsson and McAfee’s claim is more troubling
and controversial. They believe that rapid
technological change has been destroying jobs faster
than it is creating them, contributing to the
stagnation of median income and the growth of
inequality in the United States. And, they suspect,
something similar is happening in other
technologically advanced countries.
    As evidence, Brynjolfsson and McAfee point to a
chart that only an economist could love. In
economics, productivity—the amount of economic
value created for a given unit of input, such as an
hour of labor—is a crucial indicator of growth and
wealth creation. It is a measure of progress. On the
chart Brynjolfsson likes to show, separate lines
represent productivity and total employment in the
United States. For years after World War II, the
two lines closely tracked each other, with increases in
jobs corresponding to increases in productivity. The
pattern is clear: as businesses generated more value
from their workers, the country as a whole became
richer, which fueled more economic activity and
created even more jobs. Then, beginning in 2000, the
lines diverge; productivity continues to rise robustly,
but employment suddenly wilts. By 2011, a
significant gap appears between the two lines,
showing economic growth with no parallel increase
in job creation. Brynjolfsson and McAfee call it the
“great decoupling.” And Brynjolfsson says he is
confident that technology is behind both the healthy
growth in productivity and the weak growth in jobs.
    It’s a startling assertion because it threatens the
faith that many economists place in technological
progress. Brynjolfsson and McAfee still believe that
technology boosts productivity and makes societies
wealthier, but they think that it can also have a dark
side: technological progress is eliminating the need
for many types of jobs and leaving the typical worker
worse off than before. Brynjolfsson can point to a
second chart indicating that median income is failing
to rise even as the gross domestic product soars. “It’s
the great paradox of our era,” he says. “Productivity
is at record levels, innovation has never been faster,
and yet at the same time, we have a falling median
income and we have fewer jobs. People are falling
behind because technology is advancing so fast and
our skills and organizations aren’t keeping up.”
    While technological changes can be painful for
workers whose skills no longer match the needs of
employers, Lawrence Katz, a Harvard economist,
says that no historical pattern shows these shifts
leading to a net decrease in jobs over an extended
period. Katz has done extensive research on how
technological advances have affected jobs over the
last few centuries—describing, for example, how
highly skilled artisans in the mid-19th century were
displaced by lower-skilled workers in factories.
While it can take decades for workers to acquire the
expertise needed for new types of employment, he
says, “we never have run out of jobs. There is no
long-term trend of eliminating work for people. Over
the long term, employment rates are fairly
stable. People have always been able to create new
jobs. People come up with new things to do.”
    Still, Katz doesn’t dismiss the notion that there is
something different about today’s digital
technologies—something that could affect an even
broader range of work. The question, he says, is
whether economic history will serve as a useful
guide. Will the job disruptions caused by technology
be temporary as the workforce adapts, or will we see
a science-fiction scenario in which automated
processes and robots with superhuman skills take
over a broad swath of human tasks? Though Katz
expects the historical pattern to hold, it is “genuinely
a question,” he says. “If technology disrupts enough,
who knows what will happen?”",sat-practice_7-question_18,train,18,"As used in line 83, “range” most nearly means",region.,scope.,distance.,"position.

Answer:",B,scope.,True
3,"SAT READING COMPREHENSION TEST

This passage is adapted from Patricia Waldron, “Why Birds
Fly in a V Formation.” ©2014 by American Association for
the Advancement of Science.

    Anyone watching the autumn sky knows that
migrating birds fly in a V formation, but scientists
have long debated why. A new study of ibises finds
that these big-winged birds carefully position their
wingtips and sync their flapping, presumably to catch
the preceding bird’s updraft—and save energy
during flight.
    There are two reasons birds might fly in a
V formation: It may make flight easier, or they’re
simply following the leader. Squadrons of planes can
save fuel by flying in a V formation, and many
scientists suspect that migrating birds do the same.
Models that treated flapping birds like fixed-wing
airplanes estimate that they save energy by drafting
off each other, but currents created by airplanes are
far more stable than the oscillating eddies coming off
of a bird. “Air gets pretty unpredictable behind a
flapping wing,” says James Usherwood, a locomotor
biomechanist at the Royal Veterinary College at the
University of London in Hatfield, where the research
took place.
    The study, published in Nature, took advantage of
an existing project to reintroduce endangered
northern bald ibises (Geronticus eremita) to Europe.
Scientists used a microlight plane to show
hand-raised birds their ancestral migration route
from Austria to Italy. A flock of 14 juveniles carried
data loggers specially built by Usherwood and his lab.
The device’s GPS determined each bird’s flight
position to within 30 cm, and an accelerometer
showed the timing of the wing flaps.
    Just as aerodynamic estimates would predict, the
birds positioned themselves to fly just behind and to
the side of the bird in front, timing their wing beats
to catch the uplifting eddies. When a bird flew
directly behind another, the timing of the flapping
reversed so that it could minimize the effects of the
downdraft coming off the back of the bird’s body.
“We didn’t think this was possible,” Usherwood
says, considering that the feat requires careful
flight and incredible awareness of one’s neighbors.
“Perhaps these big V formation birds can be thought
of quite like an airplane with wings that go up and
down.”
    The findings likely apply to other long-winged
birds, such as pelicans, storks, and geese, Usherwood
says. Smaller birds create more complex wakes that
would make drafting too difficult. The researchers
did not attempt to calculate the bird’s energy savings
because the necessary physiological measurements
would be too invasive for an endangered species.
Previous studies estimate that birds can use
20 percent to 30 percent less energy while
flying in a V.
    “From a behavioral perspective it’s really a
breakthrough,” says David Lentink, a mechanical
engineer at Stanford University in Palo Alto,
California, who was not involved in the work.
“Showing that birds care about syncing their wing
beats is definitely an important insight that we didn’t
have before.”
    Scientists do not know how the birds find
that aerodynamic sweet spot, but they suspect that
the animals align themselves either by sight or
by sensing air currents through their feathers.
Alternatively, they may move around until they find
the location with the least resistance. In future
studies, the researchers will switch to more common
birds, such as pigeons or geese. They plan to
investigate how the animals decide who sets the
course and the pace, and whether a mistake made by
the leader can ripple through the rest of the flock to
cause traffic jams.
    “It’s a pretty impressive piece of work as it is, but
it does suggest that there’s a lot more to learn,”
says Ty Hedrick, a biologist at the University of
North Carolina, Chapel Hill, who studies flight
aerodynamics in birds and insects. However they do
it, he says, “birds are awfully good hang-glider
pilots.”",sat-practice_7-question_22,train,22,The main purpose of the passage is to,describe how squadrons of planes can save fuel by flying in a V formation.,discuss the effects of downdrafts on birds and airplanes.,explain research conducted to study why some birds fly in a V formation.,"illustrate how birds sense air currents through their feathers.

Answer:",C,explain research conducted to study why some birds fly in a V formation.,False
3,"SAT READING COMPREHENSION TEST

This passage is adapted from Patricia Waldron, “Why Birds
Fly in a V Formation.” ©2014 by American Association for
the Advancement of Science.

    Anyone watching the autumn sky knows that
migrating birds fly in a V formation, but scientists
have long debated why. A new study of ibises finds
that these big-winged birds carefully position their
wingtips and sync their flapping, presumably to catch
the preceding bird’s updraft—and save energy
during flight.
    There are two reasons birds might fly in a
V formation: It may make flight easier, or they’re
simply following the leader. Squadrons of planes can
save fuel by flying in a V formation, and many
scientists suspect that migrating birds do the same.
Models that treated flapping birds like fixed-wing
airplanes estimate that they save energy by drafting
off each other, but currents created by airplanes are
far more stable than the oscillating eddies coming off
of a bird. “Air gets pretty unpredictable behind a
flapping wing,” says James Usherwood, a locomotor
biomechanist at the Royal Veterinary College at the
University of London in Hatfield, where the research
took place.
    The study, published in Nature, took advantage of
an existing project to reintroduce endangered
northern bald ibises (Geronticus eremita) to Europe.
Scientists used a microlight plane to show
hand-raised birds their ancestral migration route
from Austria to Italy. A flock of 14 juveniles carried
data loggers specially built by Usherwood and his lab.
The device’s GPS determined each bird’s flight
position to within 30 cm, and an accelerometer
showed the timing of the wing flaps.
    Just as aerodynamic estimates would predict, the
birds positioned themselves to fly just behind and to
the side of the bird in front, timing their wing beats
to catch the uplifting eddies. When a bird flew
directly behind another, the timing of the flapping
reversed so that it could minimize the effects of the
downdraft coming off the back of the bird’s body.
“We didn’t think this was possible,” Usherwood
says, considering that the feat requires careful
flight and incredible awareness of one’s neighbors.
“Perhaps these big V formation birds can be thought
of quite like an airplane with wings that go up and
down.”
    The findings likely apply to other long-winged
birds, such as pelicans, storks, and geese, Usherwood
says. Smaller birds create more complex wakes that
would make drafting too difficult. The researchers
did not attempt to calculate the bird’s energy savings
because the necessary physiological measurements
would be too invasive for an endangered species.
Previous studies estimate that birds can use
20 percent to 30 percent less energy while
flying in a V.
    “From a behavioral perspective it’s really a
breakthrough,” says David Lentink, a mechanical
engineer at Stanford University in Palo Alto,
California, who was not involved in the work.
“Showing that birds care about syncing their wing
beats is definitely an important insight that we didn’t
have before.”
    Scientists do not know how the birds find
that aerodynamic sweet spot, but they suspect that
the animals align themselves either by sight or
by sensing air currents through their feathers.
Alternatively, they may move around until they find
the location with the least resistance. In future
studies, the researchers will switch to more common
birds, such as pigeons or geese. They plan to
investigate how the animals decide who sets the
course and the pace, and whether a mistake made by
the leader can ripple through the rest of the flock to
cause traffic jams.
    “It’s a pretty impressive piece of work as it is, but
it does suggest that there’s a lot more to learn,”
says Ty Hedrick, a biologist at the University of
North Carolina, Chapel Hill, who studies flight
aerodynamics in birds and insects. However they do
it, he says, “birds are awfully good hang-glider
pilots.”",sat-practice_7-question_23,train,23,The author includes the quotation “Air gets pretty unpredictable behind a flapping wing” (lines 17-18) to,explain that the current created by a bird differs from that of an airplane.,stress the amount of control exerted by birds flying in a V formation.,indicate that wind movement is continuously changing.,"emphasize that the flapping of a bird’s wings is powerful.

Answer:",A,explain that the current created by a bird differs from that of an airplane.,True
3,"SAT READING COMPREHENSION TEST

This passage is adapted from Patricia Waldron, “Why Birds
Fly in a V Formation.” ©2014 by American Association for
the Advancement of Science.

    Anyone watching the autumn sky knows that
migrating birds fly in a V formation, but scientists
have long debated why. A new study of ibises finds
that these big-winged birds carefully position their
wingtips and sync their flapping, presumably to catch
the preceding bird’s updraft—and save energy
during flight.
    There are two reasons birds might fly in a
V formation: It may make flight easier, or they’re
simply following the leader. Squadrons of planes can
save fuel by flying in a V formation, and many
scientists suspect that migrating birds do the same.
Models that treated flapping birds like fixed-wing
airplanes estimate that they save energy by drafting
off each other, but currents created by airplanes are
far more stable than the oscillating eddies coming off
of a bird. “Air gets pretty unpredictable behind a
flapping wing,” says James Usherwood, a locomotor
biomechanist at the Royal Veterinary College at the
University of London in Hatfield, where the research
took place.
    The study, published in Nature, took advantage of
an existing project to reintroduce endangered
northern bald ibises (Geronticus eremita) to Europe.
Scientists used a microlight plane to show
hand-raised birds their ancestral migration route
from Austria to Italy. A flock of 14 juveniles carried
data loggers specially built by Usherwood and his lab.
The device’s GPS determined each bird’s flight
position to within 30 cm, and an accelerometer
showed the timing of the wing flaps.
    Just as aerodynamic estimates would predict, the
birds positioned themselves to fly just behind and to
the side of the bird in front, timing their wing beats
to catch the uplifting eddies. When a bird flew
directly behind another, the timing of the flapping
reversed so that it could minimize the effects of the
downdraft coming off the back of the bird’s body.
“We didn’t think this was possible,” Usherwood
says, considering that the feat requires careful
flight and incredible awareness of one’s neighbors.
“Perhaps these big V formation birds can be thought
of quite like an airplane with wings that go up and
down.”
    The findings likely apply to other long-winged
birds, such as pelicans, storks, and geese, Usherwood
says. Smaller birds create more complex wakes that
would make drafting too difficult. The researchers
did not attempt to calculate the bird’s energy savings
because the necessary physiological measurements
would be too invasive for an endangered species.
Previous studies estimate that birds can use
20 percent to 30 percent less energy while
flying in a V.
    “From a behavioral perspective it’s really a
breakthrough,” says David Lentink, a mechanical
engineer at Stanford University in Palo Alto,
California, who was not involved in the work.
“Showing that birds care about syncing their wing
beats is definitely an important insight that we didn’t
have before.”
    Scientists do not know how the birds find
that aerodynamic sweet spot, but they suspect that
the animals align themselves either by sight or
by sensing air currents through their feathers.
Alternatively, they may move around until they find
the location with the least resistance. In future
studies, the researchers will switch to more common
birds, such as pigeons or geese. They plan to
investigate how the animals decide who sets the
course and the pace, and whether a mistake made by
the leader can ripple through the rest of the flock to
cause traffic jams.
    “It’s a pretty impressive piece of work as it is, but
it does suggest that there’s a lot more to learn,”
says Ty Hedrick, a biologist at the University of
North Carolina, Chapel Hill, who studies flight
aerodynamics in birds and insects. However they do
it, he says, “birds are awfully good hang-glider
pilots.”",sat-practice_7-question_24,train,24,What can reasonably be inferred about the reason Usherwood used northern bald ibises as the subjects of his study?,The ibises were well acquainted with their migration route.,Usherwood knew the ibises were familiar with carrying data loggers during migration.,The ibises have a body design that is similar to that of a modern airplane.,"The ibises were easily accessible for Usherwood and his team to track and observe.

Answer:",D,"The ibises were easily accessible for Usherwood and his team to track and observe.

Answer:",False
3,"SAT READING COMPREHENSION TEST

This passage is adapted from Patricia Waldron, “Why Birds
Fly in a V Formation.” ©2014 by American Association for
the Advancement of Science.

    Anyone watching the autumn sky knows that
migrating birds fly in a V formation, but scientists
have long debated why. A new study of ibises finds
that these big-winged birds carefully position their
wingtips and sync their flapping, presumably to catch
the preceding bird’s updraft—and save energy
during flight.
    There are two reasons birds might fly in a
V formation: It may make flight easier, or they’re
simply following the leader. Squadrons of planes can
save fuel by flying in a V formation, and many
scientists suspect that migrating birds do the same.
Models that treated flapping birds like fixed-wing
airplanes estimate that they save energy by drafting
off each other, but currents created by airplanes are
far more stable than the oscillating eddies coming off
of a bird. “Air gets pretty unpredictable behind a
flapping wing,” says James Usherwood, a locomotor
biomechanist at the Royal Veterinary College at the
University of London in Hatfield, where the research
took place.
    The study, published in Nature, took advantage of
an existing project to reintroduce endangered
northern bald ibises (Geronticus eremita) to Europe.
Scientists used a microlight plane to show
hand-raised birds their ancestral migration route
from Austria to Italy. A flock of 14 juveniles carried
data loggers specially built by Usherwood and his lab.
The device’s GPS determined each bird’s flight
position to within 30 cm, and an accelerometer
showed the timing of the wing flaps.
    Just as aerodynamic estimates would predict, the
birds positioned themselves to fly just behind and to
the side of the bird in front, timing their wing beats
to catch the uplifting eddies. When a bird flew
directly behind another, the timing of the flapping
reversed so that it could minimize the effects of the
downdraft coming off the back of the bird’s body.
“We didn’t think this was possible,” Usherwood
says, considering that the feat requires careful
flight and incredible awareness of one’s neighbors.
“Perhaps these big V formation birds can be thought
of quite like an airplane with wings that go up and
down.”
    The findings likely apply to other long-winged
birds, such as pelicans, storks, and geese, Usherwood
says. Smaller birds create more complex wakes that
would make drafting too difficult. The researchers
did not attempt to calculate the bird’s energy savings
because the necessary physiological measurements
would be too invasive for an endangered species.
Previous studies estimate that birds can use
20 percent to 30 percent less energy while
flying in a V.
    “From a behavioral perspective it’s really a
breakthrough,” says David Lentink, a mechanical
engineer at Stanford University in Palo Alto,
California, who was not involved in the work.
“Showing that birds care about syncing their wing
beats is definitely an important insight that we didn’t
have before.”
    Scientists do not know how the birds find
that aerodynamic sweet spot, but they suspect that
the animals align themselves either by sight or
by sensing air currents through their feathers.
Alternatively, they may move around until they find
the location with the least resistance. In future
studies, the researchers will switch to more common
birds, such as pigeons or geese. They plan to
investigate how the animals decide who sets the
course and the pace, and whether a mistake made by
the leader can ripple through the rest of the flock to
cause traffic jams.
    “It’s a pretty impressive piece of work as it is, but
it does suggest that there’s a lot more to learn,”
says Ty Hedrick, a biologist at the University of
North Carolina, Chapel Hill, who studies flight
aerodynamics in birds and insects. However they do
it, he says, “birds are awfully good hang-glider
pilots.”",sat-practice_7-question_26,train,26,What is the most likely reason the author includes the 30 cm measurement in line 30?,To demonstrate the accuracy with which the data loggers collected the data,To present recorded data about how far an ibis flies between successive wing flaps,To provide the wingspan length of a juvenile ibis,"To show how far behind the microlight plane each ibis flew

Answer:",A,To demonstrate the accuracy with which the data loggers collected the data,True
3,"SAT READING COMPREHENSION TEST

This passage is adapted from Patricia Waldron, “Why Birds
Fly in a V Formation.” ©2014 by American Association for
the Advancement of Science.

    Anyone watching the autumn sky knows that
migrating birds fly in a V formation, but scientists
have long debated why. A new study of ibises finds
that these big-winged birds carefully position their
wingtips and sync their flapping, presumably to catch
the preceding bird’s updraft—and save energy
during flight.
    There are two reasons birds might fly in a
V formation: It may make flight easier, or they’re
simply following the leader. Squadrons of planes can
save fuel by flying in a V formation, and many
scientists suspect that migrating birds do the same.
Models that treated flapping birds like fixed-wing
airplanes estimate that they save energy by drafting
off each other, but currents created by airplanes are
far more stable than the oscillating eddies coming off
of a bird. “Air gets pretty unpredictable behind a
flapping wing,” says James Usherwood, a locomotor
biomechanist at the Royal Veterinary College at the
University of London in Hatfield, where the research
took place.
    The study, published in Nature, took advantage of
an existing project to reintroduce endangered
northern bald ibises (Geronticus eremita) to Europe.
Scientists used a microlight plane to show
hand-raised birds their ancestral migration route
from Austria to Italy. A flock of 14 juveniles carried
data loggers specially built by Usherwood and his lab.
The device’s GPS determined each bird’s flight
position to within 30 cm, and an accelerometer
showed the timing of the wing flaps.
    Just as aerodynamic estimates would predict, the
birds positioned themselves to fly just behind and to
the side of the bird in front, timing their wing beats
to catch the uplifting eddies. When a bird flew
directly behind another, the timing of the flapping
reversed so that it could minimize the effects of the
downdraft coming off the back of the bird’s body.
“We didn’t think this was possible,” Usherwood
says, considering that the feat requires careful
flight and incredible awareness of one’s neighbors.
“Perhaps these big V formation birds can be thought
of quite like an airplane with wings that go up and
down.”
    The findings likely apply to other long-winged
birds, such as pelicans, storks, and geese, Usherwood
says. Smaller birds create more complex wakes that
would make drafting too difficult. The researchers
did not attempt to calculate the bird’s energy savings
because the necessary physiological measurements
would be too invasive for an endangered species.
Previous studies estimate that birds can use
20 percent to 30 percent less energy while
flying in a V.
    “From a behavioral perspective it’s really a
breakthrough,” says David Lentink, a mechanical
engineer at Stanford University in Palo Alto,
California, who was not involved in the work.
“Showing that birds care about syncing their wing
beats is definitely an important insight that we didn’t
have before.”
    Scientists do not know how the birds find
that aerodynamic sweet spot, but they suspect that
the animals align themselves either by sight or
by sensing air currents through their feathers.
Alternatively, they may move around until they find
the location with the least resistance. In future
studies, the researchers will switch to more common
birds, such as pigeons or geese. They plan to
investigate how the animals decide who sets the
course and the pace, and whether a mistake made by
the leader can ripple through the rest of the flock to
cause traffic jams.
    “It’s a pretty impressive piece of work as it is, but
it does suggest that there’s a lot more to learn,”
says Ty Hedrick, a biologist at the University of
North Carolina, Chapel Hill, who studies flight
aerodynamics in birds and insects. However they do
it, he says, “birds are awfully good hang-glider
pilots.”",sat-practice_7-question_27,train,27,"What does the author imply about pelicans, storks, and geese flying in a V formation?",They communicate with each other in the same way as do ibises.,They have the same migration routes as those of ibises.,They create a similar wake to that of ibises.,"They expend more energy than do ibises.

Answer:",C,They create a similar wake to that of ibises.,False
3,"SAT READING COMPREHENSION TEST

This passage is adapted from Patricia Waldron, “Why Birds
Fly in a V Formation.” ©2014 by American Association for
the Advancement of Science.

    Anyone watching the autumn sky knows that
migrating birds fly in a V formation, but scientists
have long debated why. A new study of ibises finds
that these big-winged birds carefully position their
wingtips and sync their flapping, presumably to catch
the preceding bird’s updraft—and save energy
during flight.
    There are two reasons birds might fly in a
V formation: It may make flight easier, or they’re
simply following the leader. Squadrons of planes can
save fuel by flying in a V formation, and many
scientists suspect that migrating birds do the same.
Models that treated flapping birds like fixed-wing
airplanes estimate that they save energy by drafting
off each other, but currents created by airplanes are
far more stable than the oscillating eddies coming off
of a bird. “Air gets pretty unpredictable behind a
flapping wing,” says James Usherwood, a locomotor
biomechanist at the Royal Veterinary College at the
University of London in Hatfield, where the research
took place.
    The study, published in Nature, took advantage of
an existing project to reintroduce endangered
northern bald ibises (Geronticus eremita) to Europe.
Scientists used a microlight plane to show
hand-raised birds their ancestral migration route
from Austria to Italy. A flock of 14 juveniles carried
data loggers specially built by Usherwood and his lab.
The device’s GPS determined each bird’s flight
position to within 30 cm, and an accelerometer
showed the timing of the wing flaps.
    Just as aerodynamic estimates would predict, the
birds positioned themselves to fly just behind and to
the side of the bird in front, timing their wing beats
to catch the uplifting eddies. When a bird flew
directly behind another, the timing of the flapping
reversed so that it could minimize the effects of the
downdraft coming off the back of the bird’s body.
“We didn’t think this was possible,” Usherwood
says, considering that the feat requires careful
flight and incredible awareness of one’s neighbors.
“Perhaps these big V formation birds can be thought
of quite like an airplane with wings that go up and
down.”
    The findings likely apply to other long-winged
birds, such as pelicans, storks, and geese, Usherwood
says. Smaller birds create more complex wakes that
would make drafting too difficult. The researchers
did not attempt to calculate the bird’s energy savings
because the necessary physiological measurements
would be too invasive for an endangered species.
Previous studies estimate that birds can use
20 percent to 30 percent less energy while
flying in a V.
    “From a behavioral perspective it’s really a
breakthrough,” says David Lentink, a mechanical
engineer at Stanford University in Palo Alto,
California, who was not involved in the work.
“Showing that birds care about syncing their wing
beats is definitely an important insight that we didn’t
have before.”
    Scientists do not know how the birds find
that aerodynamic sweet spot, but they suspect that
the animals align themselves either by sight or
by sensing air currents through their feathers.
Alternatively, they may move around until they find
the location with the least resistance. In future
studies, the researchers will switch to more common
birds, such as pigeons or geese. They plan to
investigate how the animals decide who sets the
course and the pace, and whether a mistake made by
the leader can ripple through the rest of the flock to
cause traffic jams.
    “It’s a pretty impressive piece of work as it is, but
it does suggest that there’s a lot more to learn,”
says Ty Hedrick, a biologist at the University of
North Carolina, Chapel Hill, who studies flight
aerodynamics in birds and insects. However they do
it, he says, “birds are awfully good hang-glider
pilots.”",sat-practice_7-question_29,train,29,What is a main idea of the seventh paragraph (lines 62-73)?,Different types of hierarchies exist in each flock of birds.,Mistakes can happen when long-winged birds create a V formation.,Future research will help scientists to better understand V formations.,"Long-winged birds watch the lead bird closely to keep a V formation intact.

Answer:",C,Future research will help scientists to better understand V formations.,True
3,"SAT READING COMPREHENSION TEST

This passage is adapted from Patricia Waldron, “Why Birds
Fly in a V Formation.” ©2014 by American Association for
the Advancement of Science.

    Anyone watching the autumn sky knows that
migrating birds fly in a V formation, but scientists
have long debated why. A new study of ibises finds
that these big-winged birds carefully position their
wingtips and sync their flapping, presumably to catch
the preceding bird’s updraft—and save energy
during flight.
    There are two reasons birds might fly in a
V formation: It may make flight easier, or they’re
simply following the leader. Squadrons of planes can
save fuel by flying in a V formation, and many
scientists suspect that migrating birds do the same.
Models that treated flapping birds like fixed-wing
airplanes estimate that they save energy by drafting
off each other, but currents created by airplanes are
far more stable than the oscillating eddies coming off
of a bird. “Air gets pretty unpredictable behind a
flapping wing,” says James Usherwood, a locomotor
biomechanist at the Royal Veterinary College at the
University of London in Hatfield, where the research
took place.
    The study, published in Nature, took advantage of
an existing project to reintroduce endangered
northern bald ibises (Geronticus eremita) to Europe.
Scientists used a microlight plane to show
hand-raised birds their ancestral migration route
from Austria to Italy. A flock of 14 juveniles carried
data loggers specially built by Usherwood and his lab.
The device’s GPS determined each bird’s flight
position to within 30 cm, and an accelerometer
showed the timing of the wing flaps.
    Just as aerodynamic estimates would predict, the
birds positioned themselves to fly just behind and to
the side of the bird in front, timing their wing beats
to catch the uplifting eddies. When a bird flew
directly behind another, the timing of the flapping
reversed so that it could minimize the effects of the
downdraft coming off the back of the bird’s body.
“We didn’t think this was possible,” Usherwood
says, considering that the feat requires careful
flight and incredible awareness of one’s neighbors.
“Perhaps these big V formation birds can be thought
of quite like an airplane with wings that go up and
down.”
    The findings likely apply to other long-winged
birds, such as pelicans, storks, and geese, Usherwood
says. Smaller birds create more complex wakes that
would make drafting too difficult. The researchers
did not attempt to calculate the bird’s energy savings
because the necessary physiological measurements
would be too invasive for an endangered species.
Previous studies estimate that birds can use
20 percent to 30 percent less energy while
flying in a V.
    “From a behavioral perspective it’s really a
breakthrough,” says David Lentink, a mechanical
engineer at Stanford University in Palo Alto,
California, who was not involved in the work.
“Showing that birds care about syncing their wing
beats is definitely an important insight that we didn’t
have before.”
    Scientists do not know how the birds find
that aerodynamic sweet spot, but they suspect that
the animals align themselves either by sight or
by sensing air currents through their feathers.
Alternatively, they may move around until they find
the location with the least resistance. In future
studies, the researchers will switch to more common
birds, such as pigeons or geese. They plan to
investigate how the animals decide who sets the
course and the pace, and whether a mistake made by
the leader can ripple through the rest of the flock to
cause traffic jams.
    “It’s a pretty impressive piece of work as it is, but
it does suggest that there’s a lot more to learn,”
says Ty Hedrick, a biologist at the University of
North Carolina, Chapel Hill, who studies flight
aerodynamics in birds and insects. However they do
it, he says, “birds are awfully good hang-glider
pilots.”",sat-practice_7-question_30,train,30,The author uses the phrase “aerodynamic sweet spot” in line 63 most likely to,describe how the proper structural design of an airplane helps to save fuel.,show that flying can be an exhilarating experience.,describe the birds’ synchronized wing movement.,"suggest that a certain position in a V formation has the least amount of wind resistance.

Answer:",D,"suggest that a certain position in a V formation has the least amount of wind resistance.

Answer:",True
3,"SAT READING COMPREHENSION TEST

This passage is adapted from Patricia Waldron, “Why Birds
Fly in a V Formation.” ©2014 by American Association for
the Advancement of Science.

    Anyone watching the autumn sky knows that
migrating birds fly in a V formation, but scientists
have long debated why. A new study of ibises finds
that these big-winged birds carefully position their
wingtips and sync their flapping, presumably to catch
the preceding bird’s updraft—and save energy
during flight.
    There are two reasons birds might fly in a
V formation: It may make flight easier, or they’re
simply following the leader. Squadrons of planes can
save fuel by flying in a V formation, and many
scientists suspect that migrating birds do the same.
Models that treated flapping birds like fixed-wing
airplanes estimate that they save energy by drafting
off each other, but currents created by airplanes are
far more stable than the oscillating eddies coming off
of a bird. “Air gets pretty unpredictable behind a
flapping wing,” says James Usherwood, a locomotor
biomechanist at the Royal Veterinary College at the
University of London in Hatfield, where the research
took place.
    The study, published in Nature, took advantage of
an existing project to reintroduce endangered
northern bald ibises (Geronticus eremita) to Europe.
Scientists used a microlight plane to show
hand-raised birds their ancestral migration route
from Austria to Italy. A flock of 14 juveniles carried
data loggers specially built by Usherwood and his lab.
The device’s GPS determined each bird’s flight
position to within 30 cm, and an accelerometer
showed the timing of the wing flaps.
    Just as aerodynamic estimates would predict, the
birds positioned themselves to fly just behind and to
the side of the bird in front, timing their wing beats
to catch the uplifting eddies. When a bird flew
directly behind another, the timing of the flapping
reversed so that it could minimize the effects of the
downdraft coming off the back of the bird’s body.
“We didn’t think this was possible,” Usherwood
says, considering that the feat requires careful
flight and incredible awareness of one’s neighbors.
“Perhaps these big V formation birds can be thought
of quite like an airplane with wings that go up and
down.”
    The findings likely apply to other long-winged
birds, such as pelicans, storks, and geese, Usherwood
says. Smaller birds create more complex wakes that
would make drafting too difficult. The researchers
did not attempt to calculate the bird’s energy savings
because the necessary physiological measurements
would be too invasive for an endangered species.
Previous studies estimate that birds can use
20 percent to 30 percent less energy while
flying in a V.
    “From a behavioral perspective it’s really a
breakthrough,” says David Lentink, a mechanical
engineer at Stanford University in Palo Alto,
California, who was not involved in the work.
“Showing that birds care about syncing their wing
beats is definitely an important insight that we didn’t
have before.”
    Scientists do not know how the birds find
that aerodynamic sweet spot, but they suspect that
the animals align themselves either by sight or
by sensing air currents through their feathers.
Alternatively, they may move around until they find
the location with the least resistance. In future
studies, the researchers will switch to more common
birds, such as pigeons or geese. They plan to
investigate how the animals decide who sets the
course and the pace, and whether a mistake made by
the leader can ripple through the rest of the flock to
cause traffic jams.
    “It’s a pretty impressive piece of work as it is, but
it does suggest that there’s a lot more to learn,”
says Ty Hedrick, a biologist at the University of
North Carolina, Chapel Hill, who studies flight
aerodynamics in birds and insects. However they do
it, he says, “birds are awfully good hang-glider
pilots.”",sat-practice_7-question_31,train,31,"As used in line 72, “ripple” most nearly means",fluctuate.,spread.,wave.,"undulate.

Answer:",B,spread.,True
4,"SAT READING COMPREHENSION TEST

Passage 1 is adapted from Alexis de Tocqueville, Democracy
in America, Volume 2. Originally published in 1840. Passage 2
is adapted from Harriet Taylor Mill, “Enfranchisement of
Women.” Originally published in 1851. As United States and
European societies grew increasingly democratic during the
nineteenth century, debates arose about whether freedoms
enjoyed by men should be extended to women as well.

Passage 1
    I have shown how democracy destroys or
modifies the different inequalities which originate in
society; but is this all? or does it not ultimately affect
that great inequality of man and woman which has
seemed, up to the present day, to be eternally based
in human nature? I believe that the social changes
which bring nearer to the same level the father and
son, the master and servant, and superiors and
inferiors generally speaking, will raise woman and
make her more and more the equal of man. But here,
more than ever, I feel the necessity of making myself
clearly understood; for there is no subject on which
the coarse and lawless fancies of our age have taken a
freer range.
    There are people in Europe who, confounding
together the different characteristics of the sexes,
would make of man and woman beings not only
equal but alike. They would give to both the same
functions, impose on both the same duties, and grant
to both the same rights; they would mix them in all
things—their occupations, their pleasures, their
business. It may readily be conceived, that by thus
attempting to make one sex equal to the other, both
are degraded; and from so preposterous a medley of
the works of nature nothing could ever result but
weak men and disorderly women.
    It is not thus that the Americans understand that
species of democratic equality which may be
established between the sexes. They admit, that as
nature has appointed such wide differences between
the physical and moral constitution of man and
woman, her manifest design was to give a distinct
employment to their various faculties; and they hold
that improvement does not consist in making beings
so dissimilar do pretty nearly the same things, but in
getting each of them to fulfill their respective tasks in
the best possible manner. The Americans have
applied to the sexes the great principle of political
economy which governs the manufactures of our age,
by carefully dividing the duties of man from those of
woman, in order that the great work of society may
be the better carried on.

Passage 2
    As society was constituted until the last few
generations, inequality was its very basis; association
grounded on equal rights scarcely existed; to be
equals was to be enemies; two persons could hardly
coöperate in anything, or meet in any amicable
relation, without the law’s appointing that one of
them should be the superior of the other.
Mankind have outgrown this state, and all things
now tend to substitute, as the general principle of
human relations, a just equality, instead of the
dominion of the strongest. But of all relations, that
between men and women, being the nearest and
most intimate, and connected with the greatest
number of strong emotions, was sure to be the last to
throw off the old rule, and receive the new; for,
in proportion to the strength of a feeling is the
tenacity with which it clings to the forms and
circumstances with which it has even accidentally
become associated....
    . . . The proper sphere for all human beings is the
largest and highest which they are able to attain to.
What this is, cannot be ascertained without complete
liberty of choice. . . . Let every occupation be open to
all, without favor or discouragement to any, and
employments will fall into the hands of those men or
women who are found by experience to be most
capable of worthily exercising them. There need be
no fear that women will take out of the hands of men
any occupation which men perform better than they.
Each individual will prove his or her capacities, in the
only way in which capacities can be proved,—by
trial; and the world will have the benefit of the best
faculties of all its inhabitants. But to interfere
beforehand by an arbitrary limit, and declare that
whatever be the genius, talent, energy, or force of
mind, of an individual of a certain sex or class, those
faculties shall not be exerted, or shall be exerted only
in some few of the many modes in which others are
permitted to use theirs, is not only an injustice to the
individual, and a detriment to society, which loses
what it can ill spare, but is also the most effectual way
of providing that, in the sex or class so fettered, the
qualities which are not permitted to be exercised
shall not exist.",sat-practice_7-question_32,train,32,"As used in line 9, “raise” most nearly means",increase.,cultivate.,nurture.,"elevate.

Answer:",D,"elevate.

Answer:",True
4,"SAT READING COMPREHENSION TEST

Passage 1 is adapted from Alexis de Tocqueville, Democracy
in America, Volume 2. Originally published in 1840. Passage 2
is adapted from Harriet Taylor Mill, “Enfranchisement of
Women.” Originally published in 1851. As United States and
European societies grew increasingly democratic during the
nineteenth century, debates arose about whether freedoms
enjoyed by men should be extended to women as well.

Passage 1
    I have shown how democracy destroys or
modifies the different inequalities which originate in
society; but is this all? or does it not ultimately affect
that great inequality of man and woman which has
seemed, up to the present day, to be eternally based
in human nature? I believe that the social changes
which bring nearer to the same level the father and
son, the master and servant, and superiors and
inferiors generally speaking, will raise woman and
make her more and more the equal of man. But here,
more than ever, I feel the necessity of making myself
clearly understood; for there is no subject on which
the coarse and lawless fancies of our age have taken a
freer range.
    There are people in Europe who, confounding
together the different characteristics of the sexes,
would make of man and woman beings not only
equal but alike. They would give to both the same
functions, impose on both the same duties, and grant
to both the same rights; they would mix them in all
things—their occupations, their pleasures, their
business. It may readily be conceived, that by thus
attempting to make one sex equal to the other, both
are degraded; and from so preposterous a medley of
the works of nature nothing could ever result but
weak men and disorderly women.
    It is not thus that the Americans understand that
species of democratic equality which may be
established between the sexes. They admit, that as
nature has appointed such wide differences between
the physical and moral constitution of man and
woman, her manifest design was to give a distinct
employment to their various faculties; and they hold
that improvement does not consist in making beings
so dissimilar do pretty nearly the same things, but in
getting each of them to fulfill their respective tasks in
the best possible manner. The Americans have
applied to the sexes the great principle of political
economy which governs the manufactures of our age,
by carefully dividing the duties of man from those of
woman, in order that the great work of society may
be the better carried on.

Passage 2
    As society was constituted until the last few
generations, inequality was its very basis; association
grounded on equal rights scarcely existed; to be
equals was to be enemies; two persons could hardly
coöperate in anything, or meet in any amicable
relation, without the law’s appointing that one of
them should be the superior of the other.
Mankind have outgrown this state, and all things
now tend to substitute, as the general principle of
human relations, a just equality, instead of the
dominion of the strongest. But of all relations, that
between men and women, being the nearest and
most intimate, and connected with the greatest
number of strong emotions, was sure to be the last to
throw off the old rule, and receive the new; for,
in proportion to the strength of a feeling is the
tenacity with which it clings to the forms and
circumstances with which it has even accidentally
become associated....
    . . . The proper sphere for all human beings is the
largest and highest which they are able to attain to.
What this is, cannot be ascertained without complete
liberty of choice. . . . Let every occupation be open to
all, without favor or discouragement to any, and
employments will fall into the hands of those men or
women who are found by experience to be most
capable of worthily exercising them. There need be
no fear that women will take out of the hands of men
any occupation which men perform better than they.
Each individual will prove his or her capacities, in the
only way in which capacities can be proved,—by
trial; and the world will have the benefit of the best
faculties of all its inhabitants. But to interfere
beforehand by an arbitrary limit, and declare that
whatever be the genius, talent, energy, or force of
mind, of an individual of a certain sex or class, those
faculties shall not be exerted, or shall be exerted only
in some few of the many modes in which others are
permitted to use theirs, is not only an injustice to the
individual, and a detriment to society, which loses
what it can ill spare, but is also the most effectual way
of providing that, in the sex or class so fettered, the
qualities which are not permitted to be exercised
shall not exist.",sat-practice_7-question_33,train,33,"In Passage 1, Tocqueville implies that treatment of men and women as identical in nature would have which consequence?",Neither sex would feel oppressed.,Both sexes would be greatly harmed.,Men would try to reclaim their lost authority.,"Men and women would have privileges they do not need.

Answer:",B,Both sexes would be greatly harmed.,False
4,"SAT READING COMPREHENSION TEST

Passage 1 is adapted from Alexis de Tocqueville, Democracy
in America, Volume 2. Originally published in 1840. Passage 2
is adapted from Harriet Taylor Mill, “Enfranchisement of
Women.” Originally published in 1851. As United States and
European societies grew increasingly democratic during the
nineteenth century, debates arose about whether freedoms
enjoyed by men should be extended to women as well.

Passage 1
    I have shown how democracy destroys or
modifies the different inequalities which originate in
society; but is this all? or does it not ultimately affect
that great inequality of man and woman which has
seemed, up to the present day, to be eternally based
in human nature? I believe that the social changes
which bring nearer to the same level the father and
son, the master and servant, and superiors and
inferiors generally speaking, will raise woman and
make her more and more the equal of man. But here,
more than ever, I feel the necessity of making myself
clearly understood; for there is no subject on which
the coarse and lawless fancies of our age have taken a
freer range.
    There are people in Europe who, confounding
together the different characteristics of the sexes,
would make of man and woman beings not only
equal but alike. They would give to both the same
functions, impose on both the same duties, and grant
to both the same rights; they would mix them in all
things—their occupations, their pleasures, their
business. It may readily be conceived, that by thus
attempting to make one sex equal to the other, both
are degraded; and from so preposterous a medley of
the works of nature nothing could ever result but
weak men and disorderly women.
    It is not thus that the Americans understand that
species of democratic equality which may be
established between the sexes. They admit, that as
nature has appointed such wide differences between
the physical and moral constitution of man and
woman, her manifest design was to give a distinct
employment to their various faculties; and they hold
that improvement does not consist in making beings
so dissimilar do pretty nearly the same things, but in
getting each of them to fulfill their respective tasks in
the best possible manner. The Americans have
applied to the sexes the great principle of political
economy which governs the manufactures of our age,
by carefully dividing the duties of man from those of
woman, in order that the great work of society may
be the better carried on.

Passage 2
    As society was constituted until the last few
generations, inequality was its very basis; association
grounded on equal rights scarcely existed; to be
equals was to be enemies; two persons could hardly
coöperate in anything, or meet in any amicable
relation, without the law’s appointing that one of
them should be the superior of the other.
Mankind have outgrown this state, and all things
now tend to substitute, as the general principle of
human relations, a just equality, instead of the
dominion of the strongest. But of all relations, that
between men and women, being the nearest and
most intimate, and connected with the greatest
number of strong emotions, was sure to be the last to
throw off the old rule, and receive the new; for,
in proportion to the strength of a feeling is the
tenacity with which it clings to the forms and
circumstances with which it has even accidentally
become associated....
    . . . The proper sphere for all human beings is the
largest and highest which they are able to attain to.
What this is, cannot be ascertained without complete
liberty of choice. . . . Let every occupation be open to
all, without favor or discouragement to any, and
employments will fall into the hands of those men or
women who are found by experience to be most
capable of worthily exercising them. There need be
no fear that women will take out of the hands of men
any occupation which men perform better than they.
Each individual will prove his or her capacities, in the
only way in which capacities can be proved,—by
trial; and the world will have the benefit of the best
faculties of all its inhabitants. But to interfere
beforehand by an arbitrary limit, and declare that
whatever be the genius, talent, energy, or force of
mind, of an individual of a certain sex or class, those
faculties shall not be exerted, or shall be exerted only
in some few of the many modes in which others are
permitted to use theirs, is not only an injustice to the
individual, and a detriment to society, which loses
what it can ill spare, but is also the most effectual way
of providing that, in the sex or class so fettered, the
qualities which are not permitted to be exercised
shall not exist.",sat-practice_7-question_35,train,35,"As used in line 53, “dominion” most nearly means",omnipotence.,supremacy.,ownership.,"territory

Answer:",B,supremacy.,True
4,"SAT READING COMPREHENSION TEST

Passage 1 is adapted from Alexis de Tocqueville, Democracy
in America, Volume 2. Originally published in 1840. Passage 2
is adapted from Harriet Taylor Mill, “Enfranchisement of
Women.” Originally published in 1851. As United States and
European societies grew increasingly democratic during the
nineteenth century, debates arose about whether freedoms
enjoyed by men should be extended to women as well.

Passage 1
    I have shown how democracy destroys or
modifies the different inequalities which originate in
society; but is this all? or does it not ultimately affect
that great inequality of man and woman which has
seemed, up to the present day, to be eternally based
in human nature? I believe that the social changes
which bring nearer to the same level the father and
son, the master and servant, and superiors and
inferiors generally speaking, will raise woman and
make her more and more the equal of man. But here,
more than ever, I feel the necessity of making myself
clearly understood; for there is no subject on which
the coarse and lawless fancies of our age have taken a
freer range.
    There are people in Europe who, confounding
together the different characteristics of the sexes,
would make of man and woman beings not only
equal but alike. They would give to both the same
functions, impose on both the same duties, and grant
to both the same rights; they would mix them in all
things—their occupations, their pleasures, their
business. It may readily be conceived, that by thus
attempting to make one sex equal to the other, both
are degraded; and from so preposterous a medley of
the works of nature nothing could ever result but
weak men and disorderly women.
    It is not thus that the Americans understand that
species of democratic equality which may be
established between the sexes. They admit, that as
nature has appointed such wide differences between
the physical and moral constitution of man and
woman, her manifest design was to give a distinct
employment to their various faculties; and they hold
that improvement does not consist in making beings
so dissimilar do pretty nearly the same things, but in
getting each of them to fulfill their respective tasks in
the best possible manner. The Americans have
applied to the sexes the great principle of political
economy which governs the manufactures of our age,
by carefully dividing the duties of man from those of
woman, in order that the great work of society may
be the better carried on.

Passage 2
    As society was constituted until the last few
generations, inequality was its very basis; association
grounded on equal rights scarcely existed; to be
equals was to be enemies; two persons could hardly
coöperate in anything, or meet in any amicable
relation, without the law’s appointing that one of
them should be the superior of the other.
Mankind have outgrown this state, and all things
now tend to substitute, as the general principle of
human relations, a just equality, instead of the
dominion of the strongest. But of all relations, that
between men and women, being the nearest and
most intimate, and connected with the greatest
number of strong emotions, was sure to be the last to
throw off the old rule, and receive the new; for,
in proportion to the strength of a feeling is the
tenacity with which it clings to the forms and
circumstances with which it has even accidentally
become associated....
    . . . The proper sphere for all human beings is the
largest and highest which they are able to attain to.
What this is, cannot be ascertained without complete
liberty of choice. . . . Let every occupation be open to
all, without favor or discouragement to any, and
employments will fall into the hands of those men or
women who are found by experience to be most
capable of worthily exercising them. There need be
no fear that women will take out of the hands of men
any occupation which men perform better than they.
Each individual will prove his or her capacities, in the
only way in which capacities can be proved,—by
trial; and the world will have the benefit of the best
faculties of all its inhabitants. But to interfere
beforehand by an arbitrary limit, and declare that
whatever be the genius, talent, energy, or force of
mind, of an individual of a certain sex or class, those
faculties shall not be exerted, or shall be exerted only
in some few of the many modes in which others are
permitted to use theirs, is not only an injustice to the
individual, and a detriment to society, which loses
what it can ill spare, but is also the most effectual way
of providing that, in the sex or class so fettered, the
qualities which are not permitted to be exercised
shall not exist.",sat-practice_7-question_36,train,36,"In Passage 2, Mill most strongly suggests that gender roles are resistant to change because they",have long served as the basis for the formal organization of society.,are matters of deeply entrenched tradition.,can be influenced by legislative reforms only indirectly.,"benefit the groups and institutions currently in power.

Answer:",B,are matters of deeply entrenched tradition.,False
4,"SAT READING COMPREHENSION TEST

Passage 1 is adapted from Alexis de Tocqueville, Democracy
in America, Volume 2. Originally published in 1840. Passage 2
is adapted from Harriet Taylor Mill, “Enfranchisement of
Women.” Originally published in 1851. As United States and
European societies grew increasingly democratic during the
nineteenth century, debates arose about whether freedoms
enjoyed by men should be extended to women as well.

Passage 1
    I have shown how democracy destroys or
modifies the different inequalities which originate in
society; but is this all? or does it not ultimately affect
that great inequality of man and woman which has
seemed, up to the present day, to be eternally based
in human nature? I believe that the social changes
which bring nearer to the same level the father and
son, the master and servant, and superiors and
inferiors generally speaking, will raise woman and
make her more and more the equal of man. But here,
more than ever, I feel the necessity of making myself
clearly understood; for there is no subject on which
the coarse and lawless fancies of our age have taken a
freer range.
    There are people in Europe who, confounding
together the different characteristics of the sexes,
would make of man and woman beings not only
equal but alike. They would give to both the same
functions, impose on both the same duties, and grant
to both the same rights; they would mix them in all
things—their occupations, their pleasures, their
business. It may readily be conceived, that by thus
attempting to make one sex equal to the other, both
are degraded; and from so preposterous a medley of
the works of nature nothing could ever result but
weak men and disorderly women.
    It is not thus that the Americans understand that
species of democratic equality which may be
established between the sexes. They admit, that as
nature has appointed such wide differences between
the physical and moral constitution of man and
woman, her manifest design was to give a distinct
employment to their various faculties; and they hold
that improvement does not consist in making beings
so dissimilar do pretty nearly the same things, but in
getting each of them to fulfill their respective tasks in
the best possible manner. The Americans have
applied to the sexes the great principle of political
economy which governs the manufactures of our age,
by carefully dividing the duties of man from those of
woman, in order that the great work of society may
be the better carried on.

Passage 2
    As society was constituted until the last few
generations, inequality was its very basis; association
grounded on equal rights scarcely existed; to be
equals was to be enemies; two persons could hardly
coöperate in anything, or meet in any amicable
relation, without the law’s appointing that one of
them should be the superior of the other.
Mankind have outgrown this state, and all things
now tend to substitute, as the general principle of
human relations, a just equality, instead of the
dominion of the strongest. But of all relations, that
between men and women, being the nearest and
most intimate, and connected with the greatest
number of strong emotions, was sure to be the last to
throw off the old rule, and receive the new; for,
in proportion to the strength of a feeling is the
tenacity with which it clings to the forms and
circumstances with which it has even accidentally
become associated....
    . . . The proper sphere for all human beings is the
largest and highest which they are able to attain to.
What this is, cannot be ascertained without complete
liberty of choice. . . . Let every occupation be open to
all, without favor or discouragement to any, and
employments will fall into the hands of those men or
women who are found by experience to be most
capable of worthily exercising them. There need be
no fear that women will take out of the hands of men
any occupation which men perform better than they.
Each individual will prove his or her capacities, in the
only way in which capacities can be proved,—by
trial; and the world will have the benefit of the best
faculties of all its inhabitants. But to interfere
beforehand by an arbitrary limit, and declare that
whatever be the genius, talent, energy, or force of
mind, of an individual of a certain sex or class, those
faculties shall not be exerted, or shall be exerted only
in some few of the many modes in which others are
permitted to use theirs, is not only an injustice to the
individual, and a detriment to society, which loses
what it can ill spare, but is also the most effectual way
of providing that, in the sex or class so fettered, the
qualities which are not permitted to be exercised
shall not exist.",sat-practice_7-question_38,train,38,Both authors would most likely agree that the changes in gender roles that they describe would be,part of a broad social shift toward greater equality.,unlikely to provide benefits that outweigh their costs.,inevitable given the economic advantages of gender equality.,"at odds with the principles of American democracy.

Answer:",A,part of a broad social shift toward greater equality.,False
4,"SAT READING COMPREHENSION TEST

Passage 1 is adapted from Alexis de Tocqueville, Democracy
in America, Volume 2. Originally published in 1840. Passage 2
is adapted from Harriet Taylor Mill, “Enfranchisement of
Women.” Originally published in 1851. As United States and
European societies grew increasingly democratic during the
nineteenth century, debates arose about whether freedoms
enjoyed by men should be extended to women as well.

Passage 1
    I have shown how democracy destroys or
modifies the different inequalities which originate in
society; but is this all? or does it not ultimately affect
that great inequality of man and woman which has
seemed, up to the present day, to be eternally based
in human nature? I believe that the social changes
which bring nearer to the same level the father and
son, the master and servant, and superiors and
inferiors generally speaking, will raise woman and
make her more and more the equal of man. But here,
more than ever, I feel the necessity of making myself
clearly understood; for there is no subject on which
the coarse and lawless fancies of our age have taken a
freer range.
    There are people in Europe who, confounding
together the different characteristics of the sexes,
would make of man and woman beings not only
equal but alike. They would give to both the same
functions, impose on both the same duties, and grant
to both the same rights; they would mix them in all
things—their occupations, their pleasures, their
business. It may readily be conceived, that by thus
attempting to make one sex equal to the other, both
are degraded; and from so preposterous a medley of
the works of nature nothing could ever result but
weak men and disorderly women.
    It is not thus that the Americans understand that
species of democratic equality which may be
established between the sexes. They admit, that as
nature has appointed such wide differences between
the physical and moral constitution of man and
woman, her manifest design was to give a distinct
employment to their various faculties; and they hold
that improvement does not consist in making beings
so dissimilar do pretty nearly the same things, but in
getting each of them to fulfill their respective tasks in
the best possible manner. The Americans have
applied to the sexes the great principle of political
economy which governs the manufactures of our age,
by carefully dividing the duties of man from those of
woman, in order that the great work of society may
be the better carried on.

Passage 2
    As society was constituted until the last few
generations, inequality was its very basis; association
grounded on equal rights scarcely existed; to be
equals was to be enemies; two persons could hardly
coöperate in anything, or meet in any amicable
relation, without the law’s appointing that one of
them should be the superior of the other.
Mankind have outgrown this state, and all things
now tend to substitute, as the general principle of
human relations, a just equality, instead of the
dominion of the strongest. But of all relations, that
between men and women, being the nearest and
most intimate, and connected with the greatest
number of strong emotions, was sure to be the last to
throw off the old rule, and receive the new; for,
in proportion to the strength of a feeling is the
tenacity with which it clings to the forms and
circumstances with which it has even accidentally
become associated....
    . . . The proper sphere for all human beings is the
largest and highest which they are able to attain to.
What this is, cannot be ascertained without complete
liberty of choice. . . . Let every occupation be open to
all, without favor or discouragement to any, and
employments will fall into the hands of those men or
women who are found by experience to be most
capable of worthily exercising them. There need be
no fear that women will take out of the hands of men
any occupation which men perform better than they.
Each individual will prove his or her capacities, in the
only way in which capacities can be proved,—by
trial; and the world will have the benefit of the best
faculties of all its inhabitants. But to interfere
beforehand by an arbitrary limit, and declare that
whatever be the genius, talent, energy, or force of
mind, of an individual of a certain sex or class, those
faculties shall not be exerted, or shall be exerted only
in some few of the many modes in which others are
permitted to use theirs, is not only an injustice to the
individual, and a detriment to society, which loses
what it can ill spare, but is also the most effectual way
of providing that, in the sex or class so fettered, the
qualities which are not permitted to be exercised
shall not exist.",sat-practice_7-question_39,train,39,Tocqueville in Passage 1 would most likely characterize the position taken by Mill in lines 65-69 in Passage 2 (“Let... them”) as,less radical about gender roles than it might initially seem.,persuasive in the abstract but difficult to implement in practice.,ill-advised but consistent with a view held by some other advocates of gender equality.,"compatible with economic progress in the United States but not in Europe.

Answer:",C,ill-advised but consistent with a view held by some other advocates of gender equality.,True
4,"SAT READING COMPREHENSION TEST

Passage 1 is adapted from Alexis de Tocqueville, Democracy
in America, Volume 2. Originally published in 1840. Passage 2
is adapted from Harriet Taylor Mill, “Enfranchisement of
Women.” Originally published in 1851. As United States and
European societies grew increasingly democratic during the
nineteenth century, debates arose about whether freedoms
enjoyed by men should be extended to women as well.

Passage 1
    I have shown how democracy destroys or
modifies the different inequalities which originate in
society; but is this all? or does it not ultimately affect
that great inequality of man and woman which has
seemed, up to the present day, to be eternally based
in human nature? I believe that the social changes
which bring nearer to the same level the father and
son, the master and servant, and superiors and
inferiors generally speaking, will raise woman and
make her more and more the equal of man. But here,
more than ever, I feel the necessity of making myself
clearly understood; for there is no subject on which
the coarse and lawless fancies of our age have taken a
freer range.
    There are people in Europe who, confounding
together the different characteristics of the sexes,
would make of man and woman beings not only
equal but alike. They would give to both the same
functions, impose on both the same duties, and grant
to both the same rights; they would mix them in all
things—their occupations, their pleasures, their
business. It may readily be conceived, that by thus
attempting to make one sex equal to the other, both
are degraded; and from so preposterous a medley of
the works of nature nothing could ever result but
weak men and disorderly women.
    It is not thus that the Americans understand that
species of democratic equality which may be
established between the sexes. They admit, that as
nature has appointed such wide differences between
the physical and moral constitution of man and
woman, her manifest design was to give a distinct
employment to their various faculties; and they hold
that improvement does not consist in making beings
so dissimilar do pretty nearly the same things, but in
getting each of them to fulfill their respective tasks in
the best possible manner. The Americans have
applied to the sexes the great principle of political
economy which governs the manufactures of our age,
by carefully dividing the duties of man from those of
woman, in order that the great work of society may
be the better carried on.

Passage 2
    As society was constituted until the last few
generations, inequality was its very basis; association
grounded on equal rights scarcely existed; to be
equals was to be enemies; two persons could hardly
coöperate in anything, or meet in any amicable
relation, without the law’s appointing that one of
them should be the superior of the other.
Mankind have outgrown this state, and all things
now tend to substitute, as the general principle of
human relations, a just equality, instead of the
dominion of the strongest. But of all relations, that
between men and women, being the nearest and
most intimate, and connected with the greatest
number of strong emotions, was sure to be the last to
throw off the old rule, and receive the new; for,
in proportion to the strength of a feeling is the
tenacity with which it clings to the forms and
circumstances with which it has even accidentally
become associated....
    . . . The proper sphere for all human beings is the
largest and highest which they are able to attain to.
What this is, cannot be ascertained without complete
liberty of choice. . . . Let every occupation be open to
all, without favor or discouragement to any, and
employments will fall into the hands of those men or
women who are found by experience to be most
capable of worthily exercising them. There need be
no fear that women will take out of the hands of men
any occupation which men perform better than they.
Each individual will prove his or her capacities, in the
only way in which capacities can be proved,—by
trial; and the world will have the benefit of the best
faculties of all its inhabitants. But to interfere
beforehand by an arbitrary limit, and declare that
whatever be the genius, talent, energy, or force of
mind, of an individual of a certain sex or class, those
faculties shall not be exerted, or shall be exerted only
in some few of the many modes in which others are
permitted to use theirs, is not only an injustice to the
individual, and a detriment to society, which loses
what it can ill spare, but is also the most effectual way
of providing that, in the sex or class so fettered, the
qualities which are not permitted to be exercised
shall not exist.",sat-practice_7-question_40,train,40,Which choice best describes the ways that the two authors conceive of the individual’s proper position in society?,"Tocqueville believes that an individual’s position should be defined in important ways by that individual’s sex, while Mill believes that an individual’s abilities should be the determining factor.","Tocqueville believes that an individual’s economic class should determine that individual’s position, while Mill believes that class is not a legitimate consideration.","Tocqueville believes that an individual’s temperament should determine that individual’s position, while Mill believes that temperament should not be a factor in an individual’s position.","Tocqueville believes that an individual’s position should be determined by what is most beneficial to society, while Mill believes it should be determined by what an individual finds most rewarding.

Answer:",A,"Tocqueville believes that an individual’s position should be defined in important ways by that individual’s sex, while Mill believes that an individual’s abilities should be the determining factor.",False
4,"SAT READING COMPREHENSION TEST

Passage 1 is adapted from Alexis de Tocqueville, Democracy
in America, Volume 2. Originally published in 1840. Passage 2
is adapted from Harriet Taylor Mill, “Enfranchisement of
Women.” Originally published in 1851. As United States and
European societies grew increasingly democratic during the
nineteenth century, debates arose about whether freedoms
enjoyed by men should be extended to women as well.

Passage 1
    I have shown how democracy destroys or
modifies the different inequalities which originate in
society; but is this all? or does it not ultimately affect
that great inequality of man and woman which has
seemed, up to the present day, to be eternally based
in human nature? I believe that the social changes
which bring nearer to the same level the father and
son, the master and servant, and superiors and
inferiors generally speaking, will raise woman and
make her more and more the equal of man. But here,
more than ever, I feel the necessity of making myself
clearly understood; for there is no subject on which
the coarse and lawless fancies of our age have taken a
freer range.
    There are people in Europe who, confounding
together the different characteristics of the sexes,
would make of man and woman beings not only
equal but alike. They would give to both the same
functions, impose on both the same duties, and grant
to both the same rights; they would mix them in all
things—their occupations, their pleasures, their
business. It may readily be conceived, that by thus
attempting to make one sex equal to the other, both
are degraded; and from so preposterous a medley of
the works of nature nothing could ever result but
weak men and disorderly women.
    It is not thus that the Americans understand that
species of democratic equality which may be
established between the sexes. They admit, that as
nature has appointed such wide differences between
the physical and moral constitution of man and
woman, her manifest design was to give a distinct
employment to their various faculties; and they hold
that improvement does not consist in making beings
so dissimilar do pretty nearly the same things, but in
getting each of them to fulfill their respective tasks in
the best possible manner. The Americans have
applied to the sexes the great principle of political
economy which governs the manufactures of our age,
by carefully dividing the duties of man from those of
woman, in order that the great work of society may
be the better carried on.

Passage 2
    As society was constituted until the last few
generations, inequality was its very basis; association
grounded on equal rights scarcely existed; to be
equals was to be enemies; two persons could hardly
coöperate in anything, or meet in any amicable
relation, without the law’s appointing that one of
them should be the superior of the other.
Mankind have outgrown this state, and all things
now tend to substitute, as the general principle of
human relations, a just equality, instead of the
dominion of the strongest. But of all relations, that
between men and women, being the nearest and
most intimate, and connected with the greatest
number of strong emotions, was sure to be the last to
throw off the old rule, and receive the new; for,
in proportion to the strength of a feeling is the
tenacity with which it clings to the forms and
circumstances with which it has even accidentally
become associated....
    . . . The proper sphere for all human beings is the
largest and highest which they are able to attain to.
What this is, cannot be ascertained without complete
liberty of choice. . . . Let every occupation be open to
all, without favor or discouragement to any, and
employments will fall into the hands of those men or
women who are found by experience to be most
capable of worthily exercising them. There need be
no fear that women will take out of the hands of men
any occupation which men perform better than they.
Each individual will prove his or her capacities, in the
only way in which capacities can be proved,—by
trial; and the world will have the benefit of the best
faculties of all its inhabitants. But to interfere
beforehand by an arbitrary limit, and declare that
whatever be the genius, talent, energy, or force of
mind, of an individual of a certain sex or class, those
faculties shall not be exerted, or shall be exerted only
in some few of the many modes in which others are
permitted to use theirs, is not only an injustice to the
individual, and a detriment to society, which loses
what it can ill spare, but is also the most effectual way
of providing that, in the sex or class so fettered, the
qualities which are not permitted to be exercised
shall not exist.",sat-practice_7-question_41,train,41,"Based on Passage 2, Mill would most likely say that the application of the “great principle of political economy” (lines 38-39, Passage 1) to gender roles has which effect?",It prevents many men and women from developing to their full potential.,It makes it difficult for men and women to sympathize with each other.,It unintentionally furthers the cause of gender equality.,"It guarantees that women take occupations that men are better suited to perform.

Answer:",A,It prevents many men and women from developing to their full potential.,True
5,"SAT READING COMPREHENSION TEST

This passage is adapted from Brian Greene, “How the Higgs
Boson Was Found.” ©2013 by Smithsonian Institution. The
Higgs boson is an elementary particle associated with the
Higgs field. Experiments conducted in 2012–2013
tentatively confirmed the existence of the Higgs boson and
thus of the Higgs field.

    Nearly a half-century ago, Peter Higgs and a
handful of other physicists were trying to understand
the origin of a basic physical feature: mass. You can
think of mass as an object’s heft or, a little more
precisely, as the resistance it offers to having its
motion changed. Push on a freight train (or a
feather) to increase its speed, and the resistance you
feel reflects its mass. At a microscopic level, the
freight train’s mass comes from its constituent
molecules and atoms, which are themselves built
from fundamental particles, electrons and quarks.
But where do the masses of these and other
fundamental particles come from?
    When physicists in the 1960s modeled the
behavior of these particles using equations rooted in
quantum physics, they encountered a puzzle. If they
imagined that the particles were all massless, then
each term in the equations clicked into a perfectly
symmetric pattern, like the tips of a perfect
snowflake. And this symmetry was not just
mathematically elegant. It explained patterns evident
in the experimental data. But—and here’s the
puzzle—physicists knew that the particles did have
mass, and when they modified the equations to
account for this fact, the mathematical harmony was
spoiled. The equations became complex and
unwieldy and, worse still, inconsistent.
    What to do? Here’s the idea put forward by Higgs.
Don’t shove the particles’ masses down the throat of
the beautiful equations. Instead, keep the equations
pristine and symmetric, but consider them operating
within a peculiar environment. Imagine that all of
space is uniformly filled with an invisible
substance—now called the Higgs field—that exerts a
drag force on particles when they accelerate through
it. Push on a fundamental particle in an effort to
increase its speed and, according to Higgs, you would
feel this drag force as a resistance. Justifiably, you
would interpret the resistance as the particle’s mass.
For a mental toehold, think of a ping-pong ball
submerged in water. When you push on the
ping-pong ball, it will feel much more massive than it
does outside of water. Its interaction with the watery
environment has the effect of endowing it with mass.
So with particles submerged in the Higgs field.
    In 1964, Higgs submitted a paper to a prominent
physics journal in which he formulated this idea
mathematically. The paper was rejected. Not because
it contained a technical error, but because the
premise of an invisible something permeating space,
interacting with particles to provide their mass, well,
it all just seemed like heaps of overwrought
speculation. The editors of the journal deemed it “of
no obvious relevance to physics.”
    But Higgs persevered (and his revised paper
appeared later that year in another journal), and
physicists who took the time to study the proposal
gradually realized that his idea was a stroke of genius,
one that allowed them to have their cake and eat it
too. In Higgs’s scheme, the fundamental equations
can retain their pristine form because the dirty work
of providing the particles’ masses is relegated to the
environment.
    While I wasn’t around to witness the initial
rejection of Higgs’s proposal in 1964 (well, I was
around, but only barely), I can attest that by the
mid-1980s, the assessment had changed. The physics
community had, for the most part, fully bought into
the idea that there was a Higgs field permeating
space. In fact, in a graduate course I took that
covered what’s known as the Standard Model of
Particle Physics (the quantum equations physicists
have assembled to describe the particles of matter
and the dominant forces by which they influence
each other), the professor presented the Higgs field
with such certainty that for a long while I had no idea
it had yet to be established experimentally.
On occasion, that happens in physics. Mathematical
equations can sometimes tell such a convincing tale,
they can seemingly radiate reality so strongly, that
they become entrenched in the vernacular of
working physicists, even before there’s data to
confirm them.",sat-practice_7-question_42,train,42,"Over the course of the passage, the main focus shifts from",a technical account of the Higgs field to a description of it aimed at a broad audience.,a review of Higgs’s work to a contextualization of that work within Higgs’s era.,an explanation of the Higgs field to a discussion of the response to Higgs’s theory.,"an analysis of the Higgs field to a suggestion of future discoveries that might build upon it.

Answer:",C,an explanation of the Higgs field to a discussion of the response to Higgs’s theory.,False
5,"SAT READING COMPREHENSION TEST

This passage is adapted from Brian Greene, “How the Higgs
Boson Was Found.” ©2013 by Smithsonian Institution. The
Higgs boson is an elementary particle associated with the
Higgs field. Experiments conducted in 2012–2013
tentatively confirmed the existence of the Higgs boson and
thus of the Higgs field.

    Nearly a half-century ago, Peter Higgs and a
handful of other physicists were trying to understand
the origin of a basic physical feature: mass. You can
think of mass as an object’s heft or, a little more
precisely, as the resistance it offers to having its
motion changed. Push on a freight train (or a
feather) to increase its speed, and the resistance you
feel reflects its mass. At a microscopic level, the
freight train’s mass comes from its constituent
molecules and atoms, which are themselves built
from fundamental particles, electrons and quarks.
But where do the masses of these and other
fundamental particles come from?
    When physicists in the 1960s modeled the
behavior of these particles using equations rooted in
quantum physics, they encountered a puzzle. If they
imagined that the particles were all massless, then
each term in the equations clicked into a perfectly
symmetric pattern, like the tips of a perfect
snowflake. And this symmetry was not just
mathematically elegant. It explained patterns evident
in the experimental data. But—and here’s the
puzzle—physicists knew that the particles did have
mass, and when they modified the equations to
account for this fact, the mathematical harmony was
spoiled. The equations became complex and
unwieldy and, worse still, inconsistent.
    What to do? Here’s the idea put forward by Higgs.
Don’t shove the particles’ masses down the throat of
the beautiful equations. Instead, keep the equations
pristine and symmetric, but consider them operating
within a peculiar environment. Imagine that all of
space is uniformly filled with an invisible
substance—now called the Higgs field—that exerts a
drag force on particles when they accelerate through
it. Push on a fundamental particle in an effort to
increase its speed and, according to Higgs, you would
feel this drag force as a resistance. Justifiably, you
would interpret the resistance as the particle’s mass.
For a mental toehold, think of a ping-pong ball
submerged in water. When you push on the
ping-pong ball, it will feel much more massive than it
does outside of water. Its interaction with the watery
environment has the effect of endowing it with mass.
So with particles submerged in the Higgs field.
    In 1964, Higgs submitted a paper to a prominent
physics journal in which he formulated this idea
mathematically. The paper was rejected. Not because
it contained a technical error, but because the
premise of an invisible something permeating space,
interacting with particles to provide their mass, well,
it all just seemed like heaps of overwrought
speculation. The editors of the journal deemed it “of
no obvious relevance to physics.”
    But Higgs persevered (and his revised paper
appeared later that year in another journal), and
physicists who took the time to study the proposal
gradually realized that his idea was a stroke of genius,
one that allowed them to have their cake and eat it
too. In Higgs’s scheme, the fundamental equations
can retain their pristine form because the dirty work
of providing the particles’ masses is relegated to the
environment.
    While I wasn’t around to witness the initial
rejection of Higgs’s proposal in 1964 (well, I was
around, but only barely), I can attest that by the
mid-1980s, the assessment had changed. The physics
community had, for the most part, fully bought into
the idea that there was a Higgs field permeating
space. In fact, in a graduate course I took that
covered what’s known as the Standard Model of
Particle Physics (the quantum equations physicists
have assembled to describe the particles of matter
and the dominant forces by which they influence
each other), the professor presented the Higgs field
with such certainty that for a long while I had no idea
it had yet to be established experimentally.
On occasion, that happens in physics. Mathematical
equations can sometimes tell such a convincing tale,
they can seemingly radiate reality so strongly, that
they become entrenched in the vernacular of
working physicists, even before there’s data to
confirm them.",sat-practice_7-question_43,train,43,The main purpose of the analogy of the ping-pong ball (line 40) is to,popularize a little-known fact.,contrast competing scientific theories.,criticize a widely accepted explanation.,"clarify an abstract concept.

Answer:",D,"clarify an abstract concept.

Answer:",True
5,"SAT READING COMPREHENSION TEST

This passage is adapted from Brian Greene, “How the Higgs
Boson Was Found.” ©2013 by Smithsonian Institution. The
Higgs boson is an elementary particle associated with the
Higgs field. Experiments conducted in 2012–2013
tentatively confirmed the existence of the Higgs boson and
thus of the Higgs field.

    Nearly a half-century ago, Peter Higgs and a
handful of other physicists were trying to understand
the origin of a basic physical feature: mass. You can
think of mass as an object’s heft or, a little more
precisely, as the resistance it offers to having its
motion changed. Push on a freight train (or a
feather) to increase its speed, and the resistance you
feel reflects its mass. At a microscopic level, the
freight train’s mass comes from its constituent
molecules and atoms, which are themselves built
from fundamental particles, electrons and quarks.
But where do the masses of these and other
fundamental particles come from?
    When physicists in the 1960s modeled the
behavior of these particles using equations rooted in
quantum physics, they encountered a puzzle. If they
imagined that the particles were all massless, then
each term in the equations clicked into a perfectly
symmetric pattern, like the tips of a perfect
snowflake. And this symmetry was not just
mathematically elegant. It explained patterns evident
in the experimental data. But—and here’s the
puzzle—physicists knew that the particles did have
mass, and when they modified the equations to
account for this fact, the mathematical harmony was
spoiled. The equations became complex and
unwieldy and, worse still, inconsistent.
    What to do? Here’s the idea put forward by Higgs.
Don’t shove the particles’ masses down the throat of
the beautiful equations. Instead, keep the equations
pristine and symmetric, but consider them operating
within a peculiar environment. Imagine that all of
space is uniformly filled with an invisible
substance—now called the Higgs field—that exerts a
drag force on particles when they accelerate through
it. Push on a fundamental particle in an effort to
increase its speed and, according to Higgs, you would
feel this drag force as a resistance. Justifiably, you
would interpret the resistance as the particle’s mass.
For a mental toehold, think of a ping-pong ball
submerged in water. When you push on the
ping-pong ball, it will feel much more massive than it
does outside of water. Its interaction with the watery
environment has the effect of endowing it with mass.
So with particles submerged in the Higgs field.
    In 1964, Higgs submitted a paper to a prominent
physics journal in which he formulated this idea
mathematically. The paper was rejected. Not because
it contained a technical error, but because the
premise of an invisible something permeating space,
interacting with particles to provide their mass, well,
it all just seemed like heaps of overwrought
speculation. The editors of the journal deemed it “of
no obvious relevance to physics.”
    But Higgs persevered (and his revised paper
appeared later that year in another journal), and
physicists who took the time to study the proposal
gradually realized that his idea was a stroke of genius,
one that allowed them to have their cake and eat it
too. In Higgs’s scheme, the fundamental equations
can retain their pristine form because the dirty work
of providing the particles’ masses is relegated to the
environment.
    While I wasn’t around to witness the initial
rejection of Higgs’s proposal in 1964 (well, I was
around, but only barely), I can attest that by the
mid-1980s, the assessment had changed. The physics
community had, for the most part, fully bought into
the idea that there was a Higgs field permeating
space. In fact, in a graduate course I took that
covered what’s known as the Standard Model of
Particle Physics (the quantum equations physicists
have assembled to describe the particles of matter
and the dominant forces by which they influence
each other), the professor presented the Higgs field
with such certainty that for a long while I had no idea
it had yet to be established experimentally.
On occasion, that happens in physics. Mathematical
equations can sometimes tell such a convincing tale,
they can seemingly radiate reality so strongly, that
they become entrenched in the vernacular of
working physicists, even before there’s data to
confirm them.",sat-practice_7-question_44,train,44,The author most strongly suggests that the reason the scientific community initially rejected Higgs’s idea was that the idea,addressed a problem unnoticed by other physicists.,only worked if the equations were flawless.,rendered accepted theories in physics obsolete.,"appeared to have little empirical basis.

Answer:",D,"appeared to have little empirical basis.

Answer:",False
5,"SAT READING COMPREHENSION TEST

This passage is adapted from Brian Greene, “How the Higgs
Boson Was Found.” ©2013 by Smithsonian Institution. The
Higgs boson is an elementary particle associated with the
Higgs field. Experiments conducted in 2012–2013
tentatively confirmed the existence of the Higgs boson and
thus of the Higgs field.

    Nearly a half-century ago, Peter Higgs and a
handful of other physicists were trying to understand
the origin of a basic physical feature: mass. You can
think of mass as an object’s heft or, a little more
precisely, as the resistance it offers to having its
motion changed. Push on a freight train (or a
feather) to increase its speed, and the resistance you
feel reflects its mass. At a microscopic level, the
freight train’s mass comes from its constituent
molecules and atoms, which are themselves built
from fundamental particles, electrons and quarks.
But where do the masses of these and other
fundamental particles come from?
    When physicists in the 1960s modeled the
behavior of these particles using equations rooted in
quantum physics, they encountered a puzzle. If they
imagined that the particles were all massless, then
each term in the equations clicked into a perfectly
symmetric pattern, like the tips of a perfect
snowflake. And this symmetry was not just
mathematically elegant. It explained patterns evident
in the experimental data. But—and here’s the
puzzle—physicists knew that the particles did have
mass, and when they modified the equations to
account for this fact, the mathematical harmony was
spoiled. The equations became complex and
unwieldy and, worse still, inconsistent.
    What to do? Here’s the idea put forward by Higgs.
Don’t shove the particles’ masses down the throat of
the beautiful equations. Instead, keep the equations
pristine and symmetric, but consider them operating
within a peculiar environment. Imagine that all of
space is uniformly filled with an invisible
substance—now called the Higgs field—that exerts a
drag force on particles when they accelerate through
it. Push on a fundamental particle in an effort to
increase its speed and, according to Higgs, you would
feel this drag force as a resistance. Justifiably, you
would interpret the resistance as the particle’s mass.
For a mental toehold, think of a ping-pong ball
submerged in water. When you push on the
ping-pong ball, it will feel much more massive than it
does outside of water. Its interaction with the watery
environment has the effect of endowing it with mass.
So with particles submerged in the Higgs field.
    In 1964, Higgs submitted a paper to a prominent
physics journal in which he formulated this idea
mathematically. The paper was rejected. Not because
it contained a technical error, but because the
premise of an invisible something permeating space,
interacting with particles to provide their mass, well,
it all just seemed like heaps of overwrought
speculation. The editors of the journal deemed it “of
no obvious relevance to physics.”
    But Higgs persevered (and his revised paper
appeared later that year in another journal), and
physicists who took the time to study the proposal
gradually realized that his idea was a stroke of genius,
one that allowed them to have their cake and eat it
too. In Higgs’s scheme, the fundamental equations
can retain their pristine form because the dirty work
of providing the particles’ masses is relegated to the
environment.
    While I wasn’t around to witness the initial
rejection of Higgs’s proposal in 1964 (well, I was
around, but only barely), I can attest that by the
mid-1980s, the assessment had changed. The physics
community had, for the most part, fully bought into
the idea that there was a Higgs field permeating
space. In fact, in a graduate course I took that
covered what’s known as the Standard Model of
Particle Physics (the quantum equations physicists
have assembled to describe the particles of matter
and the dominant forces by which they influence
each other), the professor presented the Higgs field
with such certainty that for a long while I had no idea
it had yet to be established experimentally.
On occasion, that happens in physics. Mathematical
equations can sometimes tell such a convincing tale,
they can seemingly radiate reality so strongly, that
they become entrenched in the vernacular of
working physicists, even before there’s data to
confirm them.",sat-practice_7-question_46,train,46,The author notes that one reason Higgs’s theory gained acceptance was that it,let scientists accept two conditions that had previously seemed irreconcilable.,introduced an innovative approach that could be applied to additional problems.,answered a question that earlier scientists had not even raised.,"explained why two distinct phenomena were being misinterpreted as one phenomenon.

Answer:",A,let scientists accept two conditions that had previously seemed irreconcilable.,False
5,"SAT READING COMPREHENSION TEST

This passage is adapted from Brian Greene, “How the Higgs
Boson Was Found.” ©2013 by Smithsonian Institution. The
Higgs boson is an elementary particle associated with the
Higgs field. Experiments conducted in 2012–2013
tentatively confirmed the existence of the Higgs boson and
thus of the Higgs field.

    Nearly a half-century ago, Peter Higgs and a
handful of other physicists were trying to understand
the origin of a basic physical feature: mass. You can
think of mass as an object’s heft or, a little more
precisely, as the resistance it offers to having its
motion changed. Push on a freight train (or a
feather) to increase its speed, and the resistance you
feel reflects its mass. At a microscopic level, the
freight train’s mass comes from its constituent
molecules and atoms, which are themselves built
from fundamental particles, electrons and quarks.
But where do the masses of these and other
fundamental particles come from?
    When physicists in the 1960s modeled the
behavior of these particles using equations rooted in
quantum physics, they encountered a puzzle. If they
imagined that the particles were all massless, then
each term in the equations clicked into a perfectly
symmetric pattern, like the tips of a perfect
snowflake. And this symmetry was not just
mathematically elegant. It explained patterns evident
in the experimental data. But—and here’s the
puzzle—physicists knew that the particles did have
mass, and when they modified the equations to
account for this fact, the mathematical harmony was
spoiled. The equations became complex and
unwieldy and, worse still, inconsistent.
    What to do? Here’s the idea put forward by Higgs.
Don’t shove the particles’ masses down the throat of
the beautiful equations. Instead, keep the equations
pristine and symmetric, but consider them operating
within a peculiar environment. Imagine that all of
space is uniformly filled with an invisible
substance—now called the Higgs field—that exerts a
drag force on particles when they accelerate through
it. Push on a fundamental particle in an effort to
increase its speed and, according to Higgs, you would
feel this drag force as a resistance. Justifiably, you
would interpret the resistance as the particle’s mass.
For a mental toehold, think of a ping-pong ball
submerged in water. When you push on the
ping-pong ball, it will feel much more massive than it
does outside of water. Its interaction with the watery
environment has the effect of endowing it with mass.
So with particles submerged in the Higgs field.
    In 1964, Higgs submitted a paper to a prominent
physics journal in which he formulated this idea
mathematically. The paper was rejected. Not because
it contained a technical error, but because the
premise of an invisible something permeating space,
interacting with particles to provide their mass, well,
it all just seemed like heaps of overwrought
speculation. The editors of the journal deemed it “of
no obvious relevance to physics.”
    But Higgs persevered (and his revised paper
appeared later that year in another journal), and
physicists who took the time to study the proposal
gradually realized that his idea was a stroke of genius,
one that allowed them to have their cake and eat it
too. In Higgs’s scheme, the fundamental equations
can retain their pristine form because the dirty work
of providing the particles’ masses is relegated to the
environment.
    While I wasn’t around to witness the initial
rejection of Higgs’s proposal in 1964 (well, I was
around, but only barely), I can attest that by the
mid-1980s, the assessment had changed. The physics
community had, for the most part, fully bought into
the idea that there was a Higgs field permeating
space. In fact, in a graduate course I took that
covered what’s known as the Standard Model of
Particle Physics (the quantum equations physicists
have assembled to describe the particles of matter
and the dominant forces by which they influence
each other), the professor presented the Higgs field
with such certainty that for a long while I had no idea
it had yet to be established experimentally.
On occasion, that happens in physics. Mathematical
equations can sometimes tell such a convincing tale,
they can seemingly radiate reality so strongly, that
they become entrenched in the vernacular of
working physicists, even before there’s data to
confirm them.",sat-practice_7-question_48,train,48,Which statement best describes the technique the author uses to advance the main point of the last paragraph?,He recounts a personal experience to illustrate a characteristic of the discipline of physics.,He describes his own education to show how physics has changed during his career.,He provides autobiographical details to demonstrate how Higgs’s theory was confirmed.,"He contrasts the status of Higgs’s theory at two time periods to reveal how the details of the theory evolved.

Answer:",A,He recounts a personal experience to illustrate a characteristic of the discipline of physics.,False
5,"SAT READING COMPREHENSION TEST

This passage is adapted from Brian Greene, “How the Higgs
Boson Was Found.” ©2013 by Smithsonian Institution. The
Higgs boson is an elementary particle associated with the
Higgs field. Experiments conducted in 2012–2013
tentatively confirmed the existence of the Higgs boson and
thus of the Higgs field.

    Nearly a half-century ago, Peter Higgs and a
handful of other physicists were trying to understand
the origin of a basic physical feature: mass. You can
think of mass as an object’s heft or, a little more
precisely, as the resistance it offers to having its
motion changed. Push on a freight train (or a
feather) to increase its speed, and the resistance you
feel reflects its mass. At a microscopic level, the
freight train’s mass comes from its constituent
molecules and atoms, which are themselves built
from fundamental particles, electrons and quarks.
But where do the masses of these and other
fundamental particles come from?
    When physicists in the 1960s modeled the
behavior of these particles using equations rooted in
quantum physics, they encountered a puzzle. If they
imagined that the particles were all massless, then
each term in the equations clicked into a perfectly
symmetric pattern, like the tips of a perfect
snowflake. And this symmetry was not just
mathematically elegant. It explained patterns evident
in the experimental data. But—and here’s the
puzzle—physicists knew that the particles did have
mass, and when they modified the equations to
account for this fact, the mathematical harmony was
spoiled. The equations became complex and
unwieldy and, worse still, inconsistent.
    What to do? Here’s the idea put forward by Higgs.
Don’t shove the particles’ masses down the throat of
the beautiful equations. Instead, keep the equations
pristine and symmetric, but consider them operating
within a peculiar environment. Imagine that all of
space is uniformly filled with an invisible
substance—now called the Higgs field—that exerts a
drag force on particles when they accelerate through
it. Push on a fundamental particle in an effort to
increase its speed and, according to Higgs, you would
feel this drag force as a resistance. Justifiably, you
would interpret the resistance as the particle’s mass.
For a mental toehold, think of a ping-pong ball
submerged in water. When you push on the
ping-pong ball, it will feel much more massive than it
does outside of water. Its interaction with the watery
environment has the effect of endowing it with mass.
So with particles submerged in the Higgs field.
    In 1964, Higgs submitted a paper to a prominent
physics journal in which he formulated this idea
mathematically. The paper was rejected. Not because
it contained a technical error, but because the
premise of an invisible something permeating space,
interacting with particles to provide their mass, well,
it all just seemed like heaps of overwrought
speculation. The editors of the journal deemed it “of
no obvious relevance to physics.”
    But Higgs persevered (and his revised paper
appeared later that year in another journal), and
physicists who took the time to study the proposal
gradually realized that his idea was a stroke of genius,
one that allowed them to have their cake and eat it
too. In Higgs’s scheme, the fundamental equations
can retain their pristine form because the dirty work
of providing the particles’ masses is relegated to the
environment.
    While I wasn’t around to witness the initial
rejection of Higgs’s proposal in 1964 (well, I was
around, but only barely), I can attest that by the
mid-1980s, the assessment had changed. The physics
community had, for the most part, fully bought into
the idea that there was a Higgs field permeating
space. In fact, in a graduate course I took that
covered what’s known as the Standard Model of
Particle Physics (the quantum equations physicists
have assembled to describe the particles of matter
and the dominant forces by which they influence
each other), the professor presented the Higgs field
with such certainty that for a long while I had no idea
it had yet to be established experimentally.
On occasion, that happens in physics. Mathematical
equations can sometimes tell such a convincing tale,
they can seemingly radiate reality so strongly, that
they become entrenched in the vernacular of
working physicists, even before there’s data to
confirm them.",sat-practice_7-question_49,train,49,"As used in line 77, “established” most nearly means",validated.,founded.,introduced.,"enacted.

Answer:",A,validated.,True
6,"SAT READING COMPREHENSION TEST

This passage is from Carlos Ruiz Zafón, The Angel’s Game.
©2008 by Dragonworks, S.L. Translation ©2009 by
Lucia Graves. The narrator, a writer, recalls his childhood in
early twentieth-century Barcelona.


    Even then my only friends were made of paper
and ink. At school I had learned to read and write
long before the other children. Where my school
friends saw notches of ink on incomprehensible
pages, I saw light, streets, and people. Words and the
mystery of their hidden science fascinated me, and I
saw in them a key with which I could unlock a
boundless world, a safe haven from that home, those
streets, and those troubled days in which even I
could sense that only a limited fortune awaited me.
My father didn’t like to see books in the house.
There was something about them—apart from the
letters he could not decipher—that offended him.
He used to tell me that as soon as I was ten he would
send me off to work and that I’d better get rid of all
my scatterbrained ideas if I didn’t want to end up a
loser, a nobody. I used to hide my books under the
mattress and wait for him to go out or fall asleep so
that I could read. Once he caught me reading at night
and flew into a rage. He tore the book from my
hands and flung it out of the window.
“If I catch you wasting electricity again, reading
all this nonsense, you’ll be sorry.”
    My father was not a miser and, despite the
hardships we suffered, whenever he could he gave me
a few coins so that I could buy myself some treats like
the other children. He was convinced that I spent
them on licorice sticks, sunflower seeds, or sweets,
but I would keep them in a coffee tin under the bed,
and when I’d collected four or five reales I’d secretly
rush out to buy myself a book.
    My favorite place in the whole city was the
Sempere & Sons bookshop on Calle Santa Ana. It
smelled of old paper and dust and it was my
sanctuary, my refuge. The bookseller would let me sit
on a chair in a corner and read any book I liked to
my heart’s content. He hardly ever allowed me to pay
for the books he placed in my hands, but when he
wasn’t looking I’d leave the coins I’d managed to
collect on the counter before I left. It was only small
change—if I’d had to buy a book with that pittance, I
would probably have been able to afford only a
booklet of cigarette papers. When it was time for me
to leave, I would do so dragging my feet, a weight on
my soul. If it had been up to me, I would have stayed
there forever.
    One Christmas Sempere gave me the best gift I
have ever received. It was an old volume, read and
experienced to the full.
    “Great Expectations, by Charles Dickens,” I read
on the cover.
    I was aware that Sempere knew a few authors who
frequented his establishment and, judging by the care
with which he handled the volume, I thought
perhaps this Mr. Dickens was one of them.
    “A friend of yours?”
    “A lifelong friend. And from now on, he’s your
friend too.”
    That afternoon I took my new friend home,
hidden under my clothes so that my father wouldn’t
see it. It was a rainy winter, with days as gray as lead,
and I read Great Expectations about nine times,
partly because I had no other book at hand, partly
because I did not think there could be a better one in
the whole world and I was beginning to suspect that
Mr. Dickens had written it just for me. Soon I was
convinced that I didn’t want to do anything else in
life but learn to do what Mr. Dickens had done.",sat-practice_8-question_1,train,1,"Over the course of the passage, the main focus shifts from a",general discussion of the narrator’s love of reading to a portrayal of an influential incident.,depiction of the narrator’s father to an examination of an author with whom the narrator becomes enchanted.,symbolic representation of a skill the narrator possesses to an example of its application.,"tale about the hardships of the narrator’s childhood to an analysis of the effects of those hardships.

Answer:",A,general discussion of the narrator’s love of reading to a portrayal of an influential incident.,False
6,"SAT READING COMPREHENSION TEST

This passage is from Carlos Ruiz Zafón, The Angel’s Game.
©2008 by Dragonworks, S.L. Translation ©2009 by
Lucia Graves. The narrator, a writer, recalls his childhood in
early twentieth-century Barcelona.


    Even then my only friends were made of paper
and ink. At school I had learned to read and write
long before the other children. Where my school
friends saw notches of ink on incomprehensible
pages, I saw light, streets, and people. Words and the
mystery of their hidden science fascinated me, and I
saw in them a key with which I could unlock a
boundless world, a safe haven from that home, those
streets, and those troubled days in which even I
could sense that only a limited fortune awaited me.
My father didn’t like to see books in the house.
There was something about them—apart from the
letters he could not decipher—that offended him.
He used to tell me that as soon as I was ten he would
send me off to work and that I’d better get rid of all
my scatterbrained ideas if I didn’t want to end up a
loser, a nobody. I used to hide my books under the
mattress and wait for him to go out or fall asleep so
that I could read. Once he caught me reading at night
and flew into a rage. He tore the book from my
hands and flung it out of the window.
“If I catch you wasting electricity again, reading
all this nonsense, you’ll be sorry.”
    My father was not a miser and, despite the
hardships we suffered, whenever he could he gave me
a few coins so that I could buy myself some treats like
the other children. He was convinced that I spent
them on licorice sticks, sunflower seeds, or sweets,
but I would keep them in a coffee tin under the bed,
and when I’d collected four or five reales I’d secretly
rush out to buy myself a book.
    My favorite place in the whole city was the
Sempere & Sons bookshop on Calle Santa Ana. It
smelled of old paper and dust and it was my
sanctuary, my refuge. The bookseller would let me sit
on a chair in a corner and read any book I liked to
my heart’s content. He hardly ever allowed me to pay
for the books he placed in my hands, but when he
wasn’t looking I’d leave the coins I’d managed to
collect on the counter before I left. It was only small
change—if I’d had to buy a book with that pittance, I
would probably have been able to afford only a
booklet of cigarette papers. When it was time for me
to leave, I would do so dragging my feet, a weight on
my soul. If it had been up to me, I would have stayed
there forever.
    One Christmas Sempere gave me the best gift I
have ever received. It was an old volume, read and
experienced to the full.
    “Great Expectations, by Charles Dickens,” I read
on the cover.
    I was aware that Sempere knew a few authors who
frequented his establishment and, judging by the care
with which he handled the volume, I thought
perhaps this Mr. Dickens was one of them.
    “A friend of yours?”
    “A lifelong friend. And from now on, he’s your
friend too.”
    That afternoon I took my new friend home,
hidden under my clothes so that my father wouldn’t
see it. It was a rainy winter, with days as gray as lead,
and I read Great Expectations about nine times,
partly because I had no other book at hand, partly
because I did not think there could be a better one in
the whole world and I was beginning to suspect that
Mr. Dickens had written it just for me. Soon I was
convinced that I didn’t want to do anything else in
life but learn to do what Mr. Dickens had done.",sat-practice_8-question_2,train,2,The main purpose of lines 1-10 (“Even... awaited me”) is to,introduce the characters who play a part in the narrator’s story.,list the difficult conditions the narrator endured in childhood.,describe the passion that drives the actions the narrator recounts.,"depict the narrator’s aspirations before he met Sempere.

Answer:",C,describe the passion that drives the actions the narrator recounts.,True
6,"SAT READING COMPREHENSION TEST

This passage is from Carlos Ruiz Zafón, The Angel’s Game.
©2008 by Dragonworks, S.L. Translation ©2009 by
Lucia Graves. The narrator, a writer, recalls his childhood in
early twentieth-century Barcelona.


    Even then my only friends were made of paper
and ink. At school I had learned to read and write
long before the other children. Where my school
friends saw notches of ink on incomprehensible
pages, I saw light, streets, and people. Words and the
mystery of their hidden science fascinated me, and I
saw in them a key with which I could unlock a
boundless world, a safe haven from that home, those
streets, and those troubled days in which even I
could sense that only a limited fortune awaited me.
My father didn’t like to see books in the house.
There was something about them—apart from the
letters he could not decipher—that offended him.
He used to tell me that as soon as I was ten he would
send me off to work and that I’d better get rid of all
my scatterbrained ideas if I didn’t want to end up a
loser, a nobody. I used to hide my books under the
mattress and wait for him to go out or fall asleep so
that I could read. Once he caught me reading at night
and flew into a rage. He tore the book from my
hands and flung it out of the window.
“If I catch you wasting electricity again, reading
all this nonsense, you’ll be sorry.”
    My father was not a miser and, despite the
hardships we suffered, whenever he could he gave me
a few coins so that I could buy myself some treats like
the other children. He was convinced that I spent
them on licorice sticks, sunflower seeds, or sweets,
but I would keep them in a coffee tin under the bed,
and when I’d collected four or five reales I’d secretly
rush out to buy myself a book.
    My favorite place in the whole city was the
Sempere & Sons bookshop on Calle Santa Ana. It
smelled of old paper and dust and it was my
sanctuary, my refuge. The bookseller would let me sit
on a chair in a corner and read any book I liked to
my heart’s content. He hardly ever allowed me to pay
for the books he placed in my hands, but when he
wasn’t looking I’d leave the coins I’d managed to
collect on the counter before I left. It was only small
change—if I’d had to buy a book with that pittance, I
would probably have been able to afford only a
booklet of cigarette papers. When it was time for me
to leave, I would do so dragging my feet, a weight on
my soul. If it had been up to me, I would have stayed
there forever.
    One Christmas Sempere gave me the best gift I
have ever received. It was an old volume, read and
experienced to the full.
    “Great Expectations, by Charles Dickens,” I read
on the cover.
    I was aware that Sempere knew a few authors who
frequented his establishment and, judging by the care
with which he handled the volume, I thought
perhaps this Mr. Dickens was one of them.
    “A friend of yours?”
    “A lifelong friend. And from now on, he’s your
friend too.”
    That afternoon I took my new friend home,
hidden under my clothes so that my father wouldn’t
see it. It was a rainy winter, with days as gray as lead,
and I read Great Expectations about nine times,
partly because I had no other book at hand, partly
because I did not think there could be a better one in
the whole world and I was beginning to suspect that
Mr. Dickens had written it just for me. Soon I was
convinced that I didn’t want to do anything else in
life but learn to do what Mr. Dickens had done.",sat-practice_8-question_3,train,3,With which of the following statements about his father would the narrator most likely agree?,He lacked affection for the narrator.,He disliked any unnecessary use of money.,He would not have approved of Sempere’s gift.,"He objected to the writings of Charles Dickens.

Answer:",C,He would not have approved of Sempere’s gift.,False
6,"SAT READING COMPREHENSION TEST

This passage is from Carlos Ruiz Zafón, The Angel’s Game.
©2008 by Dragonworks, S.L. Translation ©2009 by
Lucia Graves. The narrator, a writer, recalls his childhood in
early twentieth-century Barcelona.


    Even then my only friends were made of paper
and ink. At school I had learned to read and write
long before the other children. Where my school
friends saw notches of ink on incomprehensible
pages, I saw light, streets, and people. Words and the
mystery of their hidden science fascinated me, and I
saw in them a key with which I could unlock a
boundless world, a safe haven from that home, those
streets, and those troubled days in which even I
could sense that only a limited fortune awaited me.
My father didn’t like to see books in the house.
There was something about them—apart from the
letters he could not decipher—that offended him.
He used to tell me that as soon as I was ten he would
send me off to work and that I’d better get rid of all
my scatterbrained ideas if I didn’t want to end up a
loser, a nobody. I used to hide my books under the
mattress and wait for him to go out or fall asleep so
that I could read. Once he caught me reading at night
and flew into a rage. He tore the book from my
hands and flung it out of the window.
“If I catch you wasting electricity again, reading
all this nonsense, you’ll be sorry.”
    My father was not a miser and, despite the
hardships we suffered, whenever he could he gave me
a few coins so that I could buy myself some treats like
the other children. He was convinced that I spent
them on licorice sticks, sunflower seeds, or sweets,
but I would keep them in a coffee tin under the bed,
and when I’d collected four or five reales I’d secretly
rush out to buy myself a book.
    My favorite place in the whole city was the
Sempere & Sons bookshop on Calle Santa Ana. It
smelled of old paper and dust and it was my
sanctuary, my refuge. The bookseller would let me sit
on a chair in a corner and read any book I liked to
my heart’s content. He hardly ever allowed me to pay
for the books he placed in my hands, but when he
wasn’t looking I’d leave the coins I’d managed to
collect on the counter before I left. It was only small
change—if I’d had to buy a book with that pittance, I
would probably have been able to afford only a
booklet of cigarette papers. When it was time for me
to leave, I would do so dragging my feet, a weight on
my soul. If it had been up to me, I would have stayed
there forever.
    One Christmas Sempere gave me the best gift I
have ever received. It was an old volume, read and
experienced to the full.
    “Great Expectations, by Charles Dickens,” I read
on the cover.
    I was aware that Sempere knew a few authors who
frequented his establishment and, judging by the care
with which he handled the volume, I thought
perhaps this Mr. Dickens was one of them.
    “A friend of yours?”
    “A lifelong friend. And from now on, he’s your
friend too.”
    That afternoon I took my new friend home,
hidden under my clothes so that my father wouldn’t
see it. It was a rainy winter, with days as gray as lead,
and I read Great Expectations about nine times,
partly because I had no other book at hand, partly
because I did not think there could be a better one in
the whole world and I was beginning to suspect that
Mr. Dickens had written it just for me. Soon I was
convinced that I didn’t want to do anything else in
life but learn to do what Mr. Dickens had done.",sat-practice_8-question_5,train,5,It can reasonably be inferred from the passage that the main reason that the narrator considers Great Expectations to be the best gift he ever received is because,reading the book convinced him that he wanted to be a writer.,he’d only ever been given sweets and snacks as gifts in the past.,the gift meant that Sempere held him in high regard.,"Sempere was a friend of the book’s author.

Answer:",A,reading the book convinced him that he wanted to be a writer.,False
6,"SAT READING COMPREHENSION TEST

This passage is from Carlos Ruiz Zafón, The Angel’s Game.
©2008 by Dragonworks, S.L. Translation ©2009 by
Lucia Graves. The narrator, a writer, recalls his childhood in
early twentieth-century Barcelona.


    Even then my only friends were made of paper
and ink. At school I had learned to read and write
long before the other children. Where my school
friends saw notches of ink on incomprehensible
pages, I saw light, streets, and people. Words and the
mystery of their hidden science fascinated me, and I
saw in them a key with which I could unlock a
boundless world, a safe haven from that home, those
streets, and those troubled days in which even I
could sense that only a limited fortune awaited me.
My father didn’t like to see books in the house.
There was something about them—apart from the
letters he could not decipher—that offended him.
He used to tell me that as soon as I was ten he would
send me off to work and that I’d better get rid of all
my scatterbrained ideas if I didn’t want to end up a
loser, a nobody. I used to hide my books under the
mattress and wait for him to go out or fall asleep so
that I could read. Once he caught me reading at night
and flew into a rage. He tore the book from my
hands and flung it out of the window.
“If I catch you wasting electricity again, reading
all this nonsense, you’ll be sorry.”
    My father was not a miser and, despite the
hardships we suffered, whenever he could he gave me
a few coins so that I could buy myself some treats like
the other children. He was convinced that I spent
them on licorice sticks, sunflower seeds, or sweets,
but I would keep them in a coffee tin under the bed,
and when I’d collected four or five reales I’d secretly
rush out to buy myself a book.
    My favorite place in the whole city was the
Sempere & Sons bookshop on Calle Santa Ana. It
smelled of old paper and dust and it was my
sanctuary, my refuge. The bookseller would let me sit
on a chair in a corner and read any book I liked to
my heart’s content. He hardly ever allowed me to pay
for the books he placed in my hands, but when he
wasn’t looking I’d leave the coins I’d managed to
collect on the counter before I left. It was only small
change—if I’d had to buy a book with that pittance, I
would probably have been able to afford only a
booklet of cigarette papers. When it was time for me
to leave, I would do so dragging my feet, a weight on
my soul. If it had been up to me, I would have stayed
there forever.
    One Christmas Sempere gave me the best gift I
have ever received. It was an old volume, read and
experienced to the full.
    “Great Expectations, by Charles Dickens,” I read
on the cover.
    I was aware that Sempere knew a few authors who
frequented his establishment and, judging by the care
with which he handled the volume, I thought
perhaps this Mr. Dickens was one of them.
    “A friend of yours?”
    “A lifelong friend. And from now on, he’s your
friend too.”
    That afternoon I took my new friend home,
hidden under my clothes so that my father wouldn’t
see it. It was a rainy winter, with days as gray as lead,
and I read Great Expectations about nine times,
partly because I had no other book at hand, partly
because I did not think there could be a better one in
the whole world and I was beginning to suspect that
Mr. Dickens had written it just for me. Soon I was
convinced that I didn’t want to do anything else in
life but learn to do what Mr. Dickens had done.",sat-practice_8-question_7,train,7,The narrator indicates that he pays Sempere,less than Sempere expects him to pay for the books.,"nothing, because Sempere won’t take his money.",the money he makes selling sweets to the other children.,"much less for the books than they are worth.

Answer:",D,"much less for the books than they are worth.

Answer:",False
6,"SAT READING COMPREHENSION TEST

This passage is from Carlos Ruiz Zafón, The Angel’s Game.
©2008 by Dragonworks, S.L. Translation ©2009 by
Lucia Graves. The narrator, a writer, recalls his childhood in
early twentieth-century Barcelona.


    Even then my only friends were made of paper
and ink. At school I had learned to read and write
long before the other children. Where my school
friends saw notches of ink on incomprehensible
pages, I saw light, streets, and people. Words and the
mystery of their hidden science fascinated me, and I
saw in them a key with which I could unlock a
boundless world, a safe haven from that home, those
streets, and those troubled days in which even I
could sense that only a limited fortune awaited me.
My father didn’t like to see books in the house.
There was something about them—apart from the
letters he could not decipher—that offended him.
He used to tell me that as soon as I was ten he would
send me off to work and that I’d better get rid of all
my scatterbrained ideas if I didn’t want to end up a
loser, a nobody. I used to hide my books under the
mattress and wait for him to go out or fall asleep so
that I could read. Once he caught me reading at night
and flew into a rage. He tore the book from my
hands and flung it out of the window.
“If I catch you wasting electricity again, reading
all this nonsense, you’ll be sorry.”
    My father was not a miser and, despite the
hardships we suffered, whenever he could he gave me
a few coins so that I could buy myself some treats like
the other children. He was convinced that I spent
them on licorice sticks, sunflower seeds, or sweets,
but I would keep them in a coffee tin under the bed,
and when I’d collected four or five reales I’d secretly
rush out to buy myself a book.
    My favorite place in the whole city was the
Sempere & Sons bookshop on Calle Santa Ana. It
smelled of old paper and dust and it was my
sanctuary, my refuge. The bookseller would let me sit
on a chair in a corner and read any book I liked to
my heart’s content. He hardly ever allowed me to pay
for the books he placed in my hands, but when he
wasn’t looking I’d leave the coins I’d managed to
collect on the counter before I left. It was only small
change—if I’d had to buy a book with that pittance, I
would probably have been able to afford only a
booklet of cigarette papers. When it was time for me
to leave, I would do so dragging my feet, a weight on
my soul. If it had been up to me, I would have stayed
there forever.
    One Christmas Sempere gave me the best gift I
have ever received. It was an old volume, read and
experienced to the full.
    “Great Expectations, by Charles Dickens,” I read
on the cover.
    I was aware that Sempere knew a few authors who
frequented his establishment and, judging by the care
with which he handled the volume, I thought
perhaps this Mr. Dickens was one of them.
    “A friend of yours?”
    “A lifelong friend. And from now on, he’s your
friend too.”
    That afternoon I took my new friend home,
hidden under my clothes so that my father wouldn’t
see it. It was a rainy winter, with days as gray as lead,
and I read Great Expectations about nine times,
partly because I had no other book at hand, partly
because I did not think there could be a better one in
the whole world and I was beginning to suspect that
Mr. Dickens had written it just for me. Soon I was
convinced that I didn’t want to do anything else in
life but learn to do what Mr. Dickens had done.",sat-practice_8-question_8,train,8,"As used in line 44, “weight” most nearly means",bulk.,burden.,force.,"clout.

Answer:",B,burden.,True
6,"SAT READING COMPREHENSION TEST

This passage is from Carlos Ruiz Zafón, The Angel’s Game.
©2008 by Dragonworks, S.L. Translation ©2009 by
Lucia Graves. The narrator, a writer, recalls his childhood in
early twentieth-century Barcelona.


    Even then my only friends were made of paper
and ink. At school I had learned to read and write
long before the other children. Where my school
friends saw notches of ink on incomprehensible
pages, I saw light, streets, and people. Words and the
mystery of their hidden science fascinated me, and I
saw in them a key with which I could unlock a
boundless world, a safe haven from that home, those
streets, and those troubled days in which even I
could sense that only a limited fortune awaited me.
My father didn’t like to see books in the house.
There was something about them—apart from the
letters he could not decipher—that offended him.
He used to tell me that as soon as I was ten he would
send me off to work and that I’d better get rid of all
my scatterbrained ideas if I didn’t want to end up a
loser, a nobody. I used to hide my books under the
mattress and wait for him to go out or fall asleep so
that I could read. Once he caught me reading at night
and flew into a rage. He tore the book from my
hands and flung it out of the window.
“If I catch you wasting electricity again, reading
all this nonsense, you’ll be sorry.”
    My father was not a miser and, despite the
hardships we suffered, whenever he could he gave me
a few coins so that I could buy myself some treats like
the other children. He was convinced that I spent
them on licorice sticks, sunflower seeds, or sweets,
but I would keep them in a coffee tin under the bed,
and when I’d collected four or five reales I’d secretly
rush out to buy myself a book.
    My favorite place in the whole city was the
Sempere & Sons bookshop on Calle Santa Ana. It
smelled of old paper and dust and it was my
sanctuary, my refuge. The bookseller would let me sit
on a chair in a corner and read any book I liked to
my heart’s content. He hardly ever allowed me to pay
for the books he placed in my hands, but when he
wasn’t looking I’d leave the coins I’d managed to
collect on the counter before I left. It was only small
change—if I’d had to buy a book with that pittance, I
would probably have been able to afford only a
booklet of cigarette papers. When it was time for me
to leave, I would do so dragging my feet, a weight on
my soul. If it had been up to me, I would have stayed
there forever.
    One Christmas Sempere gave me the best gift I
have ever received. It was an old volume, read and
experienced to the full.
    “Great Expectations, by Charles Dickens,” I read
on the cover.
    I was aware that Sempere knew a few authors who
frequented his establishment and, judging by the care
with which he handled the volume, I thought
perhaps this Mr. Dickens was one of them.
    “A friend of yours?”
    “A lifelong friend. And from now on, he’s your
friend too.”
    That afternoon I took my new friend home,
hidden under my clothes so that my father wouldn’t
see it. It was a rainy winter, with days as gray as lead,
and I read Great Expectations about nine times,
partly because I had no other book at hand, partly
because I did not think there could be a better one in
the whole world and I was beginning to suspect that
Mr. Dickens had written it just for me. Soon I was
convinced that I didn’t want to do anything else in
life but learn to do what Mr. Dickens had done.",sat-practice_8-question_9,train,9,The word “friend” is used twice in lines 57-58 to,underline the importance of the narrator’s connection to Sempere.,stress how friendships helped the narrator deal with his difficult home situation.,emphasize the emotional connection Sempere feels to reading.,"imply that the narrator’s sentiments caused him to make an irrational decision.

Answer:",C,emphasize the emotional connection Sempere feels to reading.,True
6,"SAT READING COMPREHENSION TEST

This passage is from Carlos Ruiz Zafón, The Angel’s Game.
©2008 by Dragonworks, S.L. Translation ©2009 by
Lucia Graves. The narrator, a writer, recalls his childhood in
early twentieth-century Barcelona.


    Even then my only friends were made of paper
and ink. At school I had learned to read and write
long before the other children. Where my school
friends saw notches of ink on incomprehensible
pages, I saw light, streets, and people. Words and the
mystery of their hidden science fascinated me, and I
saw in them a key with which I could unlock a
boundless world, a safe haven from that home, those
streets, and those troubled days in which even I
could sense that only a limited fortune awaited me.
My father didn’t like to see books in the house.
There was something about them—apart from the
letters he could not decipher—that offended him.
He used to tell me that as soon as I was ten he would
send me off to work and that I’d better get rid of all
my scatterbrained ideas if I didn’t want to end up a
loser, a nobody. I used to hide my books under the
mattress and wait for him to go out or fall asleep so
that I could read. Once he caught me reading at night
and flew into a rage. He tore the book from my
hands and flung it out of the window.
“If I catch you wasting electricity again, reading
all this nonsense, you’ll be sorry.”
    My father was not a miser and, despite the
hardships we suffered, whenever he could he gave me
a few coins so that I could buy myself some treats like
the other children. He was convinced that I spent
them on licorice sticks, sunflower seeds, or sweets,
but I would keep them in a coffee tin under the bed,
and when I’d collected four or five reales I’d secretly
rush out to buy myself a book.
    My favorite place in the whole city was the
Sempere & Sons bookshop on Calle Santa Ana. It
smelled of old paper and dust and it was my
sanctuary, my refuge. The bookseller would let me sit
on a chair in a corner and read any book I liked to
my heart’s content. He hardly ever allowed me to pay
for the books he placed in my hands, but when he
wasn’t looking I’d leave the coins I’d managed to
collect on the counter before I left. It was only small
change—if I’d had to buy a book with that pittance, I
would probably have been able to afford only a
booklet of cigarette papers. When it was time for me
to leave, I would do so dragging my feet, a weight on
my soul. If it had been up to me, I would have stayed
there forever.
    One Christmas Sempere gave me the best gift I
have ever received. It was an old volume, read and
experienced to the full.
    “Great Expectations, by Charles Dickens,” I read
on the cover.
    I was aware that Sempere knew a few authors who
frequented his establishment and, judging by the care
with which he handled the volume, I thought
perhaps this Mr. Dickens was one of them.
    “A friend of yours?”
    “A lifelong friend. And from now on, he’s your
friend too.”
    That afternoon I took my new friend home,
hidden under my clothes so that my father wouldn’t
see it. It was a rainy winter, with days as gray as lead,
and I read Great Expectations about nine times,
partly because I had no other book at hand, partly
because I did not think there could be a better one in
the whole world and I was beginning to suspect that
Mr. Dickens had written it just for me. Soon I was
convinced that I didn’t want to do anything else in
life but learn to do what Mr. Dickens had done.",sat-practice_8-question_10,train,10,Which statement best characterizes the relationship between Sempere and Charles Dickens?,Sempere models his own writing after Dickens’s style.,Sempere is an avid admirer of Dickens’s work.,Sempere feels a personal connection to details of Dickens’s biography.,"Sempere considers himself to be Dickens’s most appreciative reader.

Answer:",B,Sempere is an avid admirer of Dickens’s work.,False
7,"SAT READING COMPREHENSION TEST

This passage is adapted from Jeffrey Mervis, “Why Null
Results Rarely See the Light of Day.” ©2014 by American
Association for the Advancement of Science.


    The question of what to do with null
results—when researchers fail to see an effect that
should be detectable—has long been hotly debated
among those conducting medical trials, where the
results can have a big impact on lives and corporate
bottom lines. More recently, the debate has spread to
the social and behavioral sciences, which also have
the potential to sway public and social policy.
There were little hard data, however, on how often or
why null results were squelched. “Yes, it’s true that
null results are not as exciting,” political scientist
Gary King of Harvard University says. “But I suspect
another reason they are rarely published is that there
are many, many ways to produce null results by
messing up. So they are much harder to interpret.”
    In a recent study, Stanford political economist
Neil Malhotra and two of his graduate students
examined every study since 2002 that was funded by
a competitive grants program called TESS
(Time-sharing Experiments for the Social Sciences).
TESS allows scientists to order up Internet-based
surveys of a representative sample of US adults to test
a particular hypothesis (for example, whether voters
tend to favor legislators who boast of bringing federal
dollars to their districts over those who tout a focus
on policy matters).
    Malhotra’s team tracked down working papers
from most of the experiments that weren’t published,
and for the rest asked grantees what had happened to
their results. In their e-mailed responses, some
scientists cited deeper problems with a study or more
pressing matters—but many also believed the
journals just wouldn’t be interested. “The
unfortunate reality of the publishing world [is] that
null effects do not tell a clear story,” said one
scientist. Said another, “Never published, definitely
disappointed to not see any major effects.”
    Their answers suggest to Malhotra that rescuing
findings from the file drawer will require a shift in
expectations. “What needs to change is the
culture—the author’s belief about what will happen if
the research is written up,” he says.
    Not unexpectedly, the statistical strength of the
findings made a huge difference in whether they
were ever published. Overall, 42% of the experiments
produced statistically significant results. Of those,
62% were ultimately published, compared with 21%
of the null results. However, the Stanford team was
surprised that researchers didn’t even write up
65% of the experiments that yielded a null finding.
    Scientists not involved in the study praise its
“clever” design. “It’s a very important paper” that
“starts to put numbers on things we want to
understand,” says economist Edward Miguel of the
University of California, Berkeley.
    He and others note that the bias against null
studies can waste time and money when researchers
devise new studies replicating strategies already
found to be ineffective. Worse, if researchers publish
significant results from similar experiments in the
future, they could look stronger than they should
because the earlier null studies are ignored. Even
more troubling to Malhotra was the fact that two
scientists whose initial studies “didn’t work out”
went on to publish results based on a smaller sample.
“The non-TESS version of the same study, in which
we used a student sample, did yield fruit,” noted one
investigator.
    A registry for data generated by all experiments
would address these problems, the authors argue.
They say it should also include a “preanalysis” plan,
that is, a detailed description of what the scientist
hopes to achieve and how the data will be analyzed.
Such plans would help deter researchers from
tweaking their analyses after the data are collected in
search of more publishable results.",sat-practice_8-question_11,train,11,The passage primarily serves to,discuss recent findings concerning scientific studies and dispute a widely held belief about the publication of social science research.,explain a common practice in the reporting of research studies and summarize a study that provides support for a change to that practice.,describe the shortcomings in current approaches to medical trials and recommend the implementation of a government database.,"provide context as part of a call for stricter controls on social science research and challenge publishers to alter their mindsets.

Answer:",B,explain a common practice in the reporting of research studies and summarize a study that provides support for a change to that practice.,False
7,"SAT READING COMPREHENSION TEST

This passage is adapted from Jeffrey Mervis, “Why Null
Results Rarely See the Light of Day.” ©2014 by American
Association for the Advancement of Science.


    The question of what to do with null
results—when researchers fail to see an effect that
should be detectable—has long been hotly debated
among those conducting medical trials, where the
results can have a big impact on lives and corporate
bottom lines. More recently, the debate has spread to
the social and behavioral sciences, which also have
the potential to sway public and social policy.
There were little hard data, however, on how often or
why null results were squelched. “Yes, it’s true that
null results are not as exciting,” political scientist
Gary King of Harvard University says. “But I suspect
another reason they are rarely published is that there
are many, many ways to produce null results by
messing up. So they are much harder to interpret.”
    In a recent study, Stanford political economist
Neil Malhotra and two of his graduate students
examined every study since 2002 that was funded by
a competitive grants program called TESS
(Time-sharing Experiments for the Social Sciences).
TESS allows scientists to order up Internet-based
surveys of a representative sample of US adults to test
a particular hypothesis (for example, whether voters
tend to favor legislators who boast of bringing federal
dollars to their districts over those who tout a focus
on policy matters).
    Malhotra’s team tracked down working papers
from most of the experiments that weren’t published,
and for the rest asked grantees what had happened to
their results. In their e-mailed responses, some
scientists cited deeper problems with a study or more
pressing matters—but many also believed the
journals just wouldn’t be interested. “The
unfortunate reality of the publishing world [is] that
null effects do not tell a clear story,” said one
scientist. Said another, “Never published, definitely
disappointed to not see any major effects.”
    Their answers suggest to Malhotra that rescuing
findings from the file drawer will require a shift in
expectations. “What needs to change is the
culture—the author’s belief about what will happen if
the research is written up,” he says.
    Not unexpectedly, the statistical strength of the
findings made a huge difference in whether they
were ever published. Overall, 42% of the experiments
produced statistically significant results. Of those,
62% were ultimately published, compared with 21%
of the null results. However, the Stanford team was
surprised that researchers didn’t even write up
65% of the experiments that yielded a null finding.
    Scientists not involved in the study praise its
“clever” design. “It’s a very important paper” that
“starts to put numbers on things we want to
understand,” says economist Edward Miguel of the
University of California, Berkeley.
    He and others note that the bias against null
studies can waste time and money when researchers
devise new studies replicating strategies already
found to be ineffective. Worse, if researchers publish
significant results from similar experiments in the
future, they could look stronger than they should
because the earlier null studies are ignored. Even
more troubling to Malhotra was the fact that two
scientists whose initial studies “didn’t work out”
went on to publish results based on a smaller sample.
“The non-TESS version of the same study, in which
we used a student sample, did yield fruit,” noted one
investigator.
    A registry for data generated by all experiments
would address these problems, the authors argue.
They say it should also include a “preanalysis” plan,
that is, a detailed description of what the scientist
hopes to achieve and how the data will be analyzed.
Such plans would help deter researchers from
tweaking their analyses after the data are collected in
search of more publishable results.",sat-practice_8-question_12,train,12,"As used in line 21, “allows” most nearly means",admits.,tolerates.,grants.,"enables.

Answer:",D,"enables.

Answer:",True
7,"SAT READING COMPREHENSION TEST

This passage is adapted from Jeffrey Mervis, “Why Null
Results Rarely See the Light of Day.” ©2014 by American
Association for the Advancement of Science.


    The question of what to do with null
results—when researchers fail to see an effect that
should be detectable—has long been hotly debated
among those conducting medical trials, where the
results can have a big impact on lives and corporate
bottom lines. More recently, the debate has spread to
the social and behavioral sciences, which also have
the potential to sway public and social policy.
There were little hard data, however, on how often or
why null results were squelched. “Yes, it’s true that
null results are not as exciting,” political scientist
Gary King of Harvard University says. “But I suspect
another reason they are rarely published is that there
are many, many ways to produce null results by
messing up. So they are much harder to interpret.”
    In a recent study, Stanford political economist
Neil Malhotra and two of his graduate students
examined every study since 2002 that was funded by
a competitive grants program called TESS
(Time-sharing Experiments for the Social Sciences).
TESS allows scientists to order up Internet-based
surveys of a representative sample of US adults to test
a particular hypothesis (for example, whether voters
tend to favor legislators who boast of bringing federal
dollars to their districts over those who tout a focus
on policy matters).
    Malhotra’s team tracked down working papers
from most of the experiments that weren’t published,
and for the rest asked grantees what had happened to
their results. In their e-mailed responses, some
scientists cited deeper problems with a study or more
pressing matters—but many also believed the
journals just wouldn’t be interested. “The
unfortunate reality of the publishing world [is] that
null effects do not tell a clear story,” said one
scientist. Said another, “Never published, definitely
disappointed to not see any major effects.”
    Their answers suggest to Malhotra that rescuing
findings from the file drawer will require a shift in
expectations. “What needs to change is the
culture—the author’s belief about what will happen if
the research is written up,” he says.
    Not unexpectedly, the statistical strength of the
findings made a huge difference in whether they
were ever published. Overall, 42% of the experiments
produced statistically significant results. Of those,
62% were ultimately published, compared with 21%
of the null results. However, the Stanford team was
surprised that researchers didn’t even write up
65% of the experiments that yielded a null finding.
    Scientists not involved in the study praise its
“clever” design. “It’s a very important paper” that
“starts to put numbers on things we want to
understand,” says economist Edward Miguel of the
University of California, Berkeley.
    He and others note that the bias against null
studies can waste time and money when researchers
devise new studies replicating strategies already
found to be ineffective. Worse, if researchers publish
significant results from similar experiments in the
future, they could look stronger than they should
because the earlier null studies are ignored. Even
more troubling to Malhotra was the fact that two
scientists whose initial studies “didn’t work out”
went on to publish results based on a smaller sample.
“The non-TESS version of the same study, in which
we used a student sample, did yield fruit,” noted one
investigator.
    A registry for data generated by all experiments
would address these problems, the authors argue.
They say it should also include a “preanalysis” plan,
that is, a detailed description of what the scientist
hopes to achieve and how the data will be analyzed.
Such plans would help deter researchers from
tweaking their analyses after the data are collected in
search of more publishable results.",sat-practice_8-question_13,train,13,"As used in line 43, “strength” most nearly means",attribution.,exertion.,toughness.,"significance.

Answer:",D,"significance.

Answer:",True
7,"SAT READING COMPREHENSION TEST

This passage is adapted from Jeffrey Mervis, “Why Null
Results Rarely See the Light of Day.” ©2014 by American
Association for the Advancement of Science.


    The question of what to do with null
results—when researchers fail to see an effect that
should be detectable—has long been hotly debated
among those conducting medical trials, where the
results can have a big impact on lives and corporate
bottom lines. More recently, the debate has spread to
the social and behavioral sciences, which also have
the potential to sway public and social policy.
There were little hard data, however, on how often or
why null results were squelched. “Yes, it’s true that
null results are not as exciting,” political scientist
Gary King of Harvard University says. “But I suspect
another reason they are rarely published is that there
are many, many ways to produce null results by
messing up. So they are much harder to interpret.”
    In a recent study, Stanford political economist
Neil Malhotra and two of his graduate students
examined every study since 2002 that was funded by
a competitive grants program called TESS
(Time-sharing Experiments for the Social Sciences).
TESS allows scientists to order up Internet-based
surveys of a representative sample of US adults to test
a particular hypothesis (for example, whether voters
tend to favor legislators who boast of bringing federal
dollars to their districts over those who tout a focus
on policy matters).
    Malhotra’s team tracked down working papers
from most of the experiments that weren’t published,
and for the rest asked grantees what had happened to
their results. In their e-mailed responses, some
scientists cited deeper problems with a study or more
pressing matters—but many also believed the
journals just wouldn’t be interested. “The
unfortunate reality of the publishing world [is] that
null effects do not tell a clear story,” said one
scientist. Said another, “Never published, definitely
disappointed to not see any major effects.”
    Their answers suggest to Malhotra that rescuing
findings from the file drawer will require a shift in
expectations. “What needs to change is the
culture—the author’s belief about what will happen if
the research is written up,” he says.
    Not unexpectedly, the statistical strength of the
findings made a huge difference in whether they
were ever published. Overall, 42% of the experiments
produced statistically significant results. Of those,
62% were ultimately published, compared with 21%
of the null results. However, the Stanford team was
surprised that researchers didn’t even write up
65% of the experiments that yielded a null finding.
    Scientists not involved in the study praise its
“clever” design. “It’s a very important paper” that
“starts to put numbers on things we want to
understand,” says economist Edward Miguel of the
University of California, Berkeley.
    He and others note that the bias against null
studies can waste time and money when researchers
devise new studies replicating strategies already
found to be ineffective. Worse, if researchers publish
significant results from similar experiments in the
future, they could look stronger than they should
because the earlier null studies are ignored. Even
more troubling to Malhotra was the fact that two
scientists whose initial studies “didn’t work out”
went on to publish results based on a smaller sample.
“The non-TESS version of the same study, in which
we used a student sample, did yield fruit,” noted one
investigator.
    A registry for data generated by all experiments
would address these problems, the authors argue.
They say it should also include a “preanalysis” plan,
that is, a detailed description of what the scientist
hopes to achieve and how the data will be analyzed.
Such plans would help deter researchers from
tweaking their analyses after the data are collected in
search of more publishable results.",sat-practice_8-question_14,train,14,The passage indicates that a problem with failing to document null results is that,the results of related studies will be misleading.,researchers may overlook promising areas of study.,mistakes in the collection of null results may be overlooked.,"the bias against null results will be disregarded.

Answer:",A,the results of related studies will be misleading.,False
7,"SAT READING COMPREHENSION TEST

This passage is adapted from Jeffrey Mervis, “Why Null
Results Rarely See the Light of Day.” ©2014 by American
Association for the Advancement of Science.


    The question of what to do with null
results—when researchers fail to see an effect that
should be detectable—has long been hotly debated
among those conducting medical trials, where the
results can have a big impact on lives and corporate
bottom lines. More recently, the debate has spread to
the social and behavioral sciences, which also have
the potential to sway public and social policy.
There were little hard data, however, on how often or
why null results were squelched. “Yes, it’s true that
null results are not as exciting,” political scientist
Gary King of Harvard University says. “But I suspect
another reason they are rarely published is that there
are many, many ways to produce null results by
messing up. So they are much harder to interpret.”
    In a recent study, Stanford political economist
Neil Malhotra and two of his graduate students
examined every study since 2002 that was funded by
a competitive grants program called TESS
(Time-sharing Experiments for the Social Sciences).
TESS allows scientists to order up Internet-based
surveys of a representative sample of US adults to test
a particular hypothesis (for example, whether voters
tend to favor legislators who boast of bringing federal
dollars to their districts over those who tout a focus
on policy matters).
    Malhotra’s team tracked down working papers
from most of the experiments that weren’t published,
and for the rest asked grantees what had happened to
their results. In their e-mailed responses, some
scientists cited deeper problems with a study or more
pressing matters—but many also believed the
journals just wouldn’t be interested. “The
unfortunate reality of the publishing world [is] that
null effects do not tell a clear story,” said one
scientist. Said another, “Never published, definitely
disappointed to not see any major effects.”
    Their answers suggest to Malhotra that rescuing
findings from the file drawer will require a shift in
expectations. “What needs to change is the
culture—the author’s belief about what will happen if
the research is written up,” he says.
    Not unexpectedly, the statistical strength of the
findings made a huge difference in whether they
were ever published. Overall, 42% of the experiments
produced statistically significant results. Of those,
62% were ultimately published, compared with 21%
of the null results. However, the Stanford team was
surprised that researchers didn’t even write up
65% of the experiments that yielded a null finding.
    Scientists not involved in the study praise its
“clever” design. “It’s a very important paper” that
“starts to put numbers on things we want to
understand,” says economist Edward Miguel of the
University of California, Berkeley.
    He and others note that the bias against null
studies can waste time and money when researchers
devise new studies replicating strategies already
found to be ineffective. Worse, if researchers publish
significant results from similar experiments in the
future, they could look stronger than they should
because the earlier null studies are ignored. Even
more troubling to Malhotra was the fact that two
scientists whose initial studies “didn’t work out”
went on to publish results based on a smaller sample.
“The non-TESS version of the same study, in which
we used a student sample, did yield fruit,” noted one
investigator.
    A registry for data generated by all experiments
would address these problems, the authors argue.
They say it should also include a “preanalysis” plan,
that is, a detailed description of what the scientist
hopes to achieve and how the data will be analyzed.
Such plans would help deter researchers from
tweaking their analyses after the data are collected in
search of more publishable results.",sat-practice_8-question_16,train,16,"Based on the passage, to which of the following hypothetical situations would Malhotra most strongly object?",A research team refuses to publish null results in anything less than a top journal.,A research team excludes the portion of data that produced null results when reporting its results in a journal.,A research team unknowingly repeats a study that produced null results for another research team.,"A research team performs a follow-up study that expands the scope of an initial study that produced null results.

Answer:",B,A research team excludes the portion of data that produced null results when reporting its results in a journal.,False
7,"SAT READING COMPREHENSION TEST

This passage is adapted from Jeffrey Mervis, “Why Null
Results Rarely See the Light of Day.” ©2014 by American
Association for the Advancement of Science.


    The question of what to do with null
results—when researchers fail to see an effect that
should be detectable—has long been hotly debated
among those conducting medical trials, where the
results can have a big impact on lives and corporate
bottom lines. More recently, the debate has spread to
the social and behavioral sciences, which also have
the potential to sway public and social policy.
There were little hard data, however, on how often or
why null results were squelched. “Yes, it’s true that
null results are not as exciting,” political scientist
Gary King of Harvard University says. “But I suspect
another reason they are rarely published is that there
are many, many ways to produce null results by
messing up. So they are much harder to interpret.”
    In a recent study, Stanford political economist
Neil Malhotra and two of his graduate students
examined every study since 2002 that was funded by
a competitive grants program called TESS
(Time-sharing Experiments for the Social Sciences).
TESS allows scientists to order up Internet-based
surveys of a representative sample of US adults to test
a particular hypothesis (for example, whether voters
tend to favor legislators who boast of bringing federal
dollars to their districts over those who tout a focus
on policy matters).
    Malhotra’s team tracked down working papers
from most of the experiments that weren’t published,
and for the rest asked grantees what had happened to
their results. In their e-mailed responses, some
scientists cited deeper problems with a study or more
pressing matters—but many also believed the
journals just wouldn’t be interested. “The
unfortunate reality of the publishing world [is] that
null effects do not tell a clear story,” said one
scientist. Said another, “Never published, definitely
disappointed to not see any major effects.”
    Their answers suggest to Malhotra that rescuing
findings from the file drawer will require a shift in
expectations. “What needs to change is the
culture—the author’s belief about what will happen if
the research is written up,” he says.
    Not unexpectedly, the statistical strength of the
findings made a huge difference in whether they
were ever published. Overall, 42% of the experiments
produced statistically significant results. Of those,
62% were ultimately published, compared with 21%
of the null results. However, the Stanford team was
surprised that researchers didn’t even write up
65% of the experiments that yielded a null finding.
    Scientists not involved in the study praise its
“clever” design. “It’s a very important paper” that
“starts to put numbers on things we want to
understand,” says economist Edward Miguel of the
University of California, Berkeley.
    He and others note that the bias against null
studies can waste time and money when researchers
devise new studies replicating strategies already
found to be ineffective. Worse, if researchers publish
significant results from similar experiments in the
future, they could look stronger than they should
because the earlier null studies are ignored. Even
more troubling to Malhotra was the fact that two
scientists whose initial studies “didn’t work out”
went on to publish results based on a smaller sample.
“The non-TESS version of the same study, in which
we used a student sample, did yield fruit,” noted one
investigator.
    A registry for data generated by all experiments
would address these problems, the authors argue.
They say it should also include a “preanalysis” plan,
that is, a detailed description of what the scientist
hopes to achieve and how the data will be analyzed.
Such plans would help deter researchers from
tweaking their analyses after the data are collected in
search of more publishable results.",sat-practice_8-question_18,train,18,The last paragraph serves mainly to,propose a future research project to deal with some of the shortcomings of current publishing practices noted in the passage.,introduce a possible solution to problems discussed in the passage regarding the reporting of social science studies.,summarize the findings of a study about experimental results explained in the passage.,"reinforce the importance of reexamining the results of all social science trials.

Answer:",B,introduce a possible solution to problems discussed in the passage regarding the reporting of social science studies.,False
8,"SAT READING COMPREHENSION TEST

This passage is adapted from Rachel Ehrenberg, “Salt
Stretches in Nanoworld.” ©2009 by Society for Science & the
Public. The “nanoworld” is the world observed on a scale
one billionth that of ordinary human experience.

    Inflexible old salt becomes a softy in the
nanoworld, stretching like taffy to more than twice
its length, researchers report. The findings may lead
to new approaches for making nanowires that could
end up in solar cells or electronic circuits. The work
also suggests that these ultra-tiny salt wires may
already exist in sea spray and large underground salt
deposits.
    “We think nanowires are special and go to great
lengths to make them,” says study coauthor
Nathan Moore of Sandia National Laboratories in
Albuquerque. “Maybe they are more common than
we think.”
    Metals such as gold or lead, in which bonding
angles are loosey-goosey, can stretch out at
temperatures well below their melting points.
But scientists don’t expect this superplasticity in a
rigid, crystalline material like salt, Moore says.
    This unusual behavior highlights that different
forces rule the nanoworld, says theoretical physicist
Krzysztof Kempa of Boston College. “Forget about
gravity. It plays no role,” he says. Surface tension and
electrostatic forces are much more important at this
scale.
    Moore and his colleagues discovered salt’s
stretchiness accidently. They were investigating how
water sticks to a surface such as salt and created a
super-dry salt sample for testing. After cleaving a
chunk of salt about the size of a sugar cube with a
razor, the scientists guided a microscope that detects
forces toward the surface. When the tip was far away
there was no measured force, but within about seven
nanometers a very strong attraction rapidly
developed between the diamond tip of the
microscope and the salt. The salt actually stretched
out to glom on to the microscope tip. Using an
electron microscope to see what was happening, the
researchers observed the nanowires.
    The initial attraction between the tip and salt
might be due to electrostatic forces, perhaps good old
van der Waals interactions, the researchers
speculate. Several mechanisms might lead to the
elasticity, including the excessive surface tension
found in the nanoworld (the same tension that allows
a water strider to skim the surface of a pond).
    The surface tension is so strong that as the
microscope pulls away from the salt, the salt
stretches, Kempa says. “The inside has no choice but
to rearrange the atoms, rather than break,” he says.
    This bizarre behavior is actually mirrored in the
macroworld, the researchers say. Huge underground
deposits of salt can bend like plastic, but water is
believed to play a role at these scales. Perhaps salty
nanowires are present in these deposits as well.
    “Sodium chloride is everywhere—in the air, in
our bodies,” Moore says. “This may change our view
of things, of what’s happening at the nanoscale.”
    The work also suggests new techniques for
making nanowires, which are often created through
nano-imprinting techniques, Kempa says. “We
invoke the intuition of the macroworld,” he says.
“Maybe instead of stamping [nanowires] we should
be nano-pulling them.”",sat-practice_8-question_22,train,22,One central idea of the passage is that,sometimes materials behave contrary to expectations.,systems can be described in terms of inputs and outputs.,models of materials have both strengths and weaknesses.,"properties of systems differ from the properties of their parts.

Answer:",A,sometimes materials behave contrary to expectations.,False
8,"SAT READING COMPREHENSION TEST

This passage is adapted from Rachel Ehrenberg, “Salt
Stretches in Nanoworld.” ©2009 by Society for Science & the
Public. The “nanoworld” is the world observed on a scale
one billionth that of ordinary human experience.

    Inflexible old salt becomes a softy in the
nanoworld, stretching like taffy to more than twice
its length, researchers report. The findings may lead
to new approaches for making nanowires that could
end up in solar cells or electronic circuits. The work
also suggests that these ultra-tiny salt wires may
already exist in sea spray and large underground salt
deposits.
    “We think nanowires are special and go to great
lengths to make them,” says study coauthor
Nathan Moore of Sandia National Laboratories in
Albuquerque. “Maybe they are more common than
we think.”
    Metals such as gold or lead, in which bonding
angles are loosey-goosey, can stretch out at
temperatures well below their melting points.
But scientists don’t expect this superplasticity in a
rigid, crystalline material like salt, Moore says.
    This unusual behavior highlights that different
forces rule the nanoworld, says theoretical physicist
Krzysztof Kempa of Boston College. “Forget about
gravity. It plays no role,” he says. Surface tension and
electrostatic forces are much more important at this
scale.
    Moore and his colleagues discovered salt’s
stretchiness accidently. They were investigating how
water sticks to a surface such as salt and created a
super-dry salt sample for testing. After cleaving a
chunk of salt about the size of a sugar cube with a
razor, the scientists guided a microscope that detects
forces toward the surface. When the tip was far away
there was no measured force, but within about seven
nanometers a very strong attraction rapidly
developed between the diamond tip of the
microscope and the salt. The salt actually stretched
out to glom on to the microscope tip. Using an
electron microscope to see what was happening, the
researchers observed the nanowires.
    The initial attraction between the tip and salt
might be due to electrostatic forces, perhaps good old
van der Waals interactions, the researchers
speculate. Several mechanisms might lead to the
elasticity, including the excessive surface tension
found in the nanoworld (the same tension that allows
a water strider to skim the surface of a pond).
    The surface tension is so strong that as the
microscope pulls away from the salt, the salt
stretches, Kempa says. “The inside has no choice but
to rearrange the atoms, rather than break,” he says.
    This bizarre behavior is actually mirrored in the
macroworld, the researchers say. Huge underground
deposits of salt can bend like plastic, but water is
believed to play a role at these scales. Perhaps salty
nanowires are present in these deposits as well.
    “Sodium chloride is everywhere—in the air, in
our bodies,” Moore says. “This may change our view
of things, of what’s happening at the nanoscale.”
    The work also suggests new techniques for
making nanowires, which are often created through
nano-imprinting techniques, Kempa says. “We
invoke the intuition of the macroworld,” he says.
“Maybe instead of stamping [nanowires] we should
be nano-pulling them.”",sat-practice_8-question_23,train,23,Which choice best describes the overall structure of the passage?,A list of several ways in which salt’s properties differ from researchers’ expectations,"A presentation of a hypothesis regarding salt behavior, description of an associated experiment, and explanation of why the results weaken the hypothesis","A description of two salt crystal experiments, the apparent disagreement in their results, and the resolution by more sensitive equipment","An introduction to an interesting salt property, description of its discovery, and speculation regarding its application

Answer:",D,"An introduction to an interesting salt property, description of its discovery, and speculation regarding its application

Answer:",False
8,"SAT READING COMPREHENSION TEST

This passage is adapted from Rachel Ehrenberg, “Salt
Stretches in Nanoworld.” ©2009 by Society for Science & the
Public. The “nanoworld” is the world observed on a scale
one billionth that of ordinary human experience.

    Inflexible old salt becomes a softy in the
nanoworld, stretching like taffy to more than twice
its length, researchers report. The findings may lead
to new approaches for making nanowires that could
end up in solar cells or electronic circuits. The work
also suggests that these ultra-tiny salt wires may
already exist in sea spray and large underground salt
deposits.
    “We think nanowires are special and go to great
lengths to make them,” says study coauthor
Nathan Moore of Sandia National Laboratories in
Albuquerque. “Maybe they are more common than
we think.”
    Metals such as gold or lead, in which bonding
angles are loosey-goosey, can stretch out at
temperatures well below their melting points.
But scientists don’t expect this superplasticity in a
rigid, crystalline material like salt, Moore says.
    This unusual behavior highlights that different
forces rule the nanoworld, says theoretical physicist
Krzysztof Kempa of Boston College. “Forget about
gravity. It plays no role,” he says. Surface tension and
electrostatic forces are much more important at this
scale.
    Moore and his colleagues discovered salt’s
stretchiness accidently. They were investigating how
water sticks to a surface such as salt and created a
super-dry salt sample for testing. After cleaving a
chunk of salt about the size of a sugar cube with a
razor, the scientists guided a microscope that detects
forces toward the surface. When the tip was far away
there was no measured force, but within about seven
nanometers a very strong attraction rapidly
developed between the diamond tip of the
microscope and the salt. The salt actually stretched
out to glom on to the microscope tip. Using an
electron microscope to see what was happening, the
researchers observed the nanowires.
    The initial attraction between the tip and salt
might be due to electrostatic forces, perhaps good old
van der Waals interactions, the researchers
speculate. Several mechanisms might lead to the
elasticity, including the excessive surface tension
found in the nanoworld (the same tension that allows
a water strider to skim the surface of a pond).
    The surface tension is so strong that as the
microscope pulls away from the salt, the salt
stretches, Kempa says. “The inside has no choice but
to rearrange the atoms, rather than break,” he says.
    This bizarre behavior is actually mirrored in the
macroworld, the researchers say. Huge underground
deposits of salt can bend like plastic, but water is
believed to play a role at these scales. Perhaps salty
nanowires are present in these deposits as well.
    “Sodium chloride is everywhere—in the air, in
our bodies,” Moore says. “This may change our view
of things, of what’s happening at the nanoscale.”
    The work also suggests new techniques for
making nanowires, which are often created through
nano-imprinting techniques, Kempa says. “We
invoke the intuition of the macroworld,” he says.
“Maybe instead of stamping [nanowires] we should
be nano-pulling them.”",sat-practice_8-question_25,train,25,"As used in line 20, “rule” most nearly means",mark.,control.,declare.,"restrain.

Answer:",B,control.,True
8,"SAT READING COMPREHENSION TEST

This passage is adapted from Rachel Ehrenberg, “Salt
Stretches in Nanoworld.” ©2009 by Society for Science & the
Public. The “nanoworld” is the world observed on a scale
one billionth that of ordinary human experience.

    Inflexible old salt becomes a softy in the
nanoworld, stretching like taffy to more than twice
its length, researchers report. The findings may lead
to new approaches for making nanowires that could
end up in solar cells or electronic circuits. The work
also suggests that these ultra-tiny salt wires may
already exist in sea spray and large underground salt
deposits.
    “We think nanowires are special and go to great
lengths to make them,” says study coauthor
Nathan Moore of Sandia National Laboratories in
Albuquerque. “Maybe they are more common than
we think.”
    Metals such as gold or lead, in which bonding
angles are loosey-goosey, can stretch out at
temperatures well below their melting points.
But scientists don’t expect this superplasticity in a
rigid, crystalline material like salt, Moore says.
    This unusual behavior highlights that different
forces rule the nanoworld, says theoretical physicist
Krzysztof Kempa of Boston College. “Forget about
gravity. It plays no role,” he says. Surface tension and
electrostatic forces are much more important at this
scale.
    Moore and his colleagues discovered salt’s
stretchiness accidently. They were investigating how
water sticks to a surface such as salt and created a
super-dry salt sample for testing. After cleaving a
chunk of salt about the size of a sugar cube with a
razor, the scientists guided a microscope that detects
forces toward the surface. When the tip was far away
there was no measured force, but within about seven
nanometers a very strong attraction rapidly
developed between the diamond tip of the
microscope and the salt. The salt actually stretched
out to glom on to the microscope tip. Using an
electron microscope to see what was happening, the
researchers observed the nanowires.
    The initial attraction between the tip and salt
might be due to electrostatic forces, perhaps good old
van der Waals interactions, the researchers
speculate. Several mechanisms might lead to the
elasticity, including the excessive surface tension
found in the nanoworld (the same tension that allows
a water strider to skim the surface of a pond).
    The surface tension is so strong that as the
microscope pulls away from the salt, the salt
stretches, Kempa says. “The inside has no choice but
to rearrange the atoms, rather than break,” he says.
    This bizarre behavior is actually mirrored in the
macroworld, the researchers say. Huge underground
deposits of salt can bend like plastic, but water is
believed to play a role at these scales. Perhaps salty
nanowires are present in these deposits as well.
    “Sodium chloride is everywhere—in the air, in
our bodies,” Moore says. “This may change our view
of things, of what’s happening at the nanoscale.”
    The work also suggests new techniques for
making nanowires, which are often created through
nano-imprinting techniques, Kempa says. “We
invoke the intuition of the macroworld,” he says.
“Maybe instead of stamping [nanowires] we should
be nano-pulling them.”",sat-practice_8-question_26,train,26,"According to the passage, researchers have identified which mechanism as potentially responsible for the initial attraction between the microscope tip and the salt?",Gravity,Nano-imprinting,Surface tension,"Van der Waals interactions

Answer:",D,"Van der Waals interactions

Answer:",False
8,"SAT READING COMPREHENSION TEST

This passage is adapted from Rachel Ehrenberg, “Salt
Stretches in Nanoworld.” ©2009 by Society for Science & the
Public. The “nanoworld” is the world observed on a scale
one billionth that of ordinary human experience.

    Inflexible old salt becomes a softy in the
nanoworld, stretching like taffy to more than twice
its length, researchers report. The findings may lead
to new approaches for making nanowires that could
end up in solar cells or electronic circuits. The work
also suggests that these ultra-tiny salt wires may
already exist in sea spray and large underground salt
deposits.
    “We think nanowires are special and go to great
lengths to make them,” says study coauthor
Nathan Moore of Sandia National Laboratories in
Albuquerque. “Maybe they are more common than
we think.”
    Metals such as gold or lead, in which bonding
angles are loosey-goosey, can stretch out at
temperatures well below their melting points.
But scientists don’t expect this superplasticity in a
rigid, crystalline material like salt, Moore says.
    This unusual behavior highlights that different
forces rule the nanoworld, says theoretical physicist
Krzysztof Kempa of Boston College. “Forget about
gravity. It plays no role,” he says. Surface tension and
electrostatic forces are much more important at this
scale.
    Moore and his colleagues discovered salt’s
stretchiness accidently. They were investigating how
water sticks to a surface such as salt and created a
super-dry salt sample for testing. After cleaving a
chunk of salt about the size of a sugar cube with a
razor, the scientists guided a microscope that detects
forces toward the surface. When the tip was far away
there was no measured force, but within about seven
nanometers a very strong attraction rapidly
developed between the diamond tip of the
microscope and the salt. The salt actually stretched
out to glom on to the microscope tip. Using an
electron microscope to see what was happening, the
researchers observed the nanowires.
    The initial attraction between the tip and salt
might be due to electrostatic forces, perhaps good old
van der Waals interactions, the researchers
speculate. Several mechanisms might lead to the
elasticity, including the excessive surface tension
found in the nanoworld (the same tension that allows
a water strider to skim the surface of a pond).
    The surface tension is so strong that as the
microscope pulls away from the salt, the salt
stretches, Kempa says. “The inside has no choice but
to rearrange the atoms, rather than break,” he says.
    This bizarre behavior is actually mirrored in the
macroworld, the researchers say. Huge underground
deposits of salt can bend like plastic, but water is
believed to play a role at these scales. Perhaps salty
nanowires are present in these deposits as well.
    “Sodium chloride is everywhere—in the air, in
our bodies,” Moore says. “This may change our view
of things, of what’s happening at the nanoscale.”
    The work also suggests new techniques for
making nanowires, which are often created through
nano-imprinting techniques, Kempa says. “We
invoke the intuition of the macroworld,” he says.
“Maybe instead of stamping [nanowires] we should
be nano-pulling them.”",sat-practice_8-question_27,train,27,"As used in line 42, “lead to” most nearly means",guide to.,result in.,point toward.,"start with.

Answer:",B,result in.,True
8,"SAT READING COMPREHENSION TEST

This passage is adapted from Rachel Ehrenberg, “Salt
Stretches in Nanoworld.” ©2009 by Society for Science & the
Public. The “nanoworld” is the world observed on a scale
one billionth that of ordinary human experience.

    Inflexible old salt becomes a softy in the
nanoworld, stretching like taffy to more than twice
its length, researchers report. The findings may lead
to new approaches for making nanowires that could
end up in solar cells or electronic circuits. The work
also suggests that these ultra-tiny salt wires may
already exist in sea spray and large underground salt
deposits.
    “We think nanowires are special and go to great
lengths to make them,” says study coauthor
Nathan Moore of Sandia National Laboratories in
Albuquerque. “Maybe they are more common than
we think.”
    Metals such as gold or lead, in which bonding
angles are loosey-goosey, can stretch out at
temperatures well below their melting points.
But scientists don’t expect this superplasticity in a
rigid, crystalline material like salt, Moore says.
    This unusual behavior highlights that different
forces rule the nanoworld, says theoretical physicist
Krzysztof Kempa of Boston College. “Forget about
gravity. It plays no role,” he says. Surface tension and
electrostatic forces are much more important at this
scale.
    Moore and his colleagues discovered salt’s
stretchiness accidently. They were investigating how
water sticks to a surface such as salt and created a
super-dry salt sample for testing. After cleaving a
chunk of salt about the size of a sugar cube with a
razor, the scientists guided a microscope that detects
forces toward the surface. When the tip was far away
there was no measured force, but within about seven
nanometers a very strong attraction rapidly
developed between the diamond tip of the
microscope and the salt. The salt actually stretched
out to glom on to the microscope tip. Using an
electron microscope to see what was happening, the
researchers observed the nanowires.
    The initial attraction between the tip and salt
might be due to electrostatic forces, perhaps good old
van der Waals interactions, the researchers
speculate. Several mechanisms might lead to the
elasticity, including the excessive surface tension
found in the nanoworld (the same tension that allows
a water strider to skim the surface of a pond).
    The surface tension is so strong that as the
microscope pulls away from the salt, the salt
stretches, Kempa says. “The inside has no choice but
to rearrange the atoms, rather than break,” he says.
    This bizarre behavior is actually mirrored in the
macroworld, the researchers say. Huge underground
deposits of salt can bend like plastic, but water is
believed to play a role at these scales. Perhaps salty
nanowires are present in these deposits as well.
    “Sodium chloride is everywhere—in the air, in
our bodies,” Moore says. “This may change our view
of things, of what’s happening at the nanoscale.”
    The work also suggests new techniques for
making nanowires, which are often created through
nano-imprinting techniques, Kempa says. “We
invoke the intuition of the macroworld,” he says.
“Maybe instead of stamping [nanowires] we should
be nano-pulling them.”",sat-practice_8-question_28,train,28,"Based on the passage, which choice best describes the relationship between salt behavior in the nanoworld and in the macroworld?","In both the nanoworld and the macroworld, salt can be flexible.",Salt flexibility is expected in the nanoworld but is surprising in the macroworld.,Salt nanowires were initially observed in the nanoworld and later observed in the macroworld.,"In the nanoworld, salt’s interactions with water lead to very different properties than they do in the macroworld.

Answer:",A,"In both the nanoworld and the macroworld, salt can be flexible.",False
9,"SAT READING COMPREHENSION TEST

These passages are adapted from the Lincoln‑Douglas
debates. Passage 1 is from a statement by Stephen Douglas.
Passage 2 is from a statement by Abraham Lincoln. Douglas
and Lincoln engaged in a series of debates while competing
for a US Senate seat in 1858.

Passage 1
    Mr. Lincoln likens that bond of the Federal
Constitution, joining Free and Slave States together,
to a house divided against itself, and says that it is
contrary to the law of God, and cannot stand.
When did he learn, and by what authority does he
proclaim, that this Government is contrary to the law
of God and cannot stand? It has stood thus divided
into Free and Slave States from its organization up to
this day. During that period we have increased from
four millions to thirty millions of people; we have
extended our territory from the Mississippi to the
Pacific Ocean; we have acquired the Floridas and
Texas, and other territory sufficient to double our
geographical extent; we have increased in population,
in wealth, and in power beyond any example on
earth; we have risen from a weak and feeble power to
become the terror and admiration of the civilized
world; and all this has been done under a
Constitution which Mr. Lincoln, in substance, says is
in violation of the law of God; and under a Union
divided into Free and Slave States, which Mr. Lincoln
thinks, because of such division, cannot stand.
Surely, Mr. Lincoln is a wiser man than those who
framed the Government....
    I now come back to the question, why cannot this
Union exist forever, divided into Free and Slave
States, as our fathers made it? It can thus exist if each
State will carry out the principles upon which our
institutions were founded; to wit, the right of each
State to do as it pleases, without meddling with its
neighbors. Just act upon that great principle, and this
Union will not only live forever, but it will extend
and expand until it covers the whole continent, and
makes this confederacy one grand, ocean-bound
Republic. We must bear in mind that we are yet a
young nation, growing with a rapidity unequalled in
the history of the world, that our national increase is
great, and that the emigration from the old world is
increasing, requiring us to expand and acquire new
territory from time to time, in order to give our
people land to live upon. If we live upon the principle
of State rights and State sovereignty, each State
regulating its own affairs and minding its own
business, we can go on and extend indefinitely, just
as fast and as far as we need the territory....

Passage 2
    In complaining of what I said in my speech at
Springfield, in which he says I accepted my
nomination for the Senatorship . . . he again quotes
that portion in which I said that “a house divided
against itself cannot stand.” Let me say a word in
regard to that matter. He tries to persuade us that
there must be a variety in the different institutions of
the States of the Union; that that variety necessarily
proceeds from the variety of soil, climate, of the face
of the country, and the difference in the natural
features of the States. I agree to all that. Have these
very matters ever produced any difficulty among us?
Not at all. Have we ever had any quarrel over the fact
that they have laws in Louisiana designed to regulate
the commerce that springs from the production of
sugar? Or because we have a different class relative to
the production of flour in this State? Have they
produced any differences? Not at all. They are the
very cements of this Union. They don’t make the
house a “house divided against itself.” They are the
props that hold up the house and sustain the Union.
    But has it been so with this element of slavery?
Have we not always had quarrels and difficulties over
it? And when will we cease to have quarrels over it?
Like causes produce like effects. It is worth while to
observe that we have generally had comparative
peace upon the slavery question, and that there has
been no cause for alarm until it was excited by the
effort to spread it into new territory. Whenever it has
been limited to its present bounds, and there has
been no effort to spread it, there has been peace. All
the trouble and convulsion has proceeded from
efforts to spread it over more territory. It was thus at
the date of the Missouri Compromise. It was so again
with the annexation of Texas; so with the territory
acquired by the Mexican War; and it is so now.
Whenever there has been an effort to spread it there
has been agitation and resistance. . . . Do you think
that the nature of man will be changed, that the same
causes that produced agitation at one time will not
have the same effect at another?",sat-practice_8-question_32,train,32,"In the first paragraph of Passage 1, the main purpose of Douglas’s discussion of the growth of the territory and population of the United States is to",provide context for Douglas’s defense of continued expansion.,suggest that the division into free and slave states does not endanger the Union.,imply that Lincoln is unaware of basic facts concerning the country.,"account for the image of the United States as powerful and admirable.

Answer:",B,suggest that the division into free and slave states does not endanger the Union.,False
9,"SAT READING COMPREHENSION TEST

These passages are adapted from the Lincoln‑Douglas
debates. Passage 1 is from a statement by Stephen Douglas.
Passage 2 is from a statement by Abraham Lincoln. Douglas
and Lincoln engaged in a series of debates while competing
for a US Senate seat in 1858.

Passage 1
    Mr. Lincoln likens that bond of the Federal
Constitution, joining Free and Slave States together,
to a house divided against itself, and says that it is
contrary to the law of God, and cannot stand.
When did he learn, and by what authority does he
proclaim, that this Government is contrary to the law
of God and cannot stand? It has stood thus divided
into Free and Slave States from its organization up to
this day. During that period we have increased from
four millions to thirty millions of people; we have
extended our territory from the Mississippi to the
Pacific Ocean; we have acquired the Floridas and
Texas, and other territory sufficient to double our
geographical extent; we have increased in population,
in wealth, and in power beyond any example on
earth; we have risen from a weak and feeble power to
become the terror and admiration of the civilized
world; and all this has been done under a
Constitution which Mr. Lincoln, in substance, says is
in violation of the law of God; and under a Union
divided into Free and Slave States, which Mr. Lincoln
thinks, because of such division, cannot stand.
Surely, Mr. Lincoln is a wiser man than those who
framed the Government....
    I now come back to the question, why cannot this
Union exist forever, divided into Free and Slave
States, as our fathers made it? It can thus exist if each
State will carry out the principles upon which our
institutions were founded; to wit, the right of each
State to do as it pleases, without meddling with its
neighbors. Just act upon that great principle, and this
Union will not only live forever, but it will extend
and expand until it covers the whole continent, and
makes this confederacy one grand, ocean-bound
Republic. We must bear in mind that we are yet a
young nation, growing with a rapidity unequalled in
the history of the world, that our national increase is
great, and that the emigration from the old world is
increasing, requiring us to expand and acquire new
territory from time to time, in order to give our
people land to live upon. If we live upon the principle
of State rights and State sovereignty, each State
regulating its own affairs and minding its own
business, we can go on and extend indefinitely, just
as fast and as far as we need the territory....

Passage 2
    In complaining of what I said in my speech at
Springfield, in which he says I accepted my
nomination for the Senatorship . . . he again quotes
that portion in which I said that “a house divided
against itself cannot stand.” Let me say a word in
regard to that matter. He tries to persuade us that
there must be a variety in the different institutions of
the States of the Union; that that variety necessarily
proceeds from the variety of soil, climate, of the face
of the country, and the difference in the natural
features of the States. I agree to all that. Have these
very matters ever produced any difficulty among us?
Not at all. Have we ever had any quarrel over the fact
that they have laws in Louisiana designed to regulate
the commerce that springs from the production of
sugar? Or because we have a different class relative to
the production of flour in this State? Have they
produced any differences? Not at all. They are the
very cements of this Union. They don’t make the
house a “house divided against itself.” They are the
props that hold up the house and sustain the Union.
    But has it been so with this element of slavery?
Have we not always had quarrels and difficulties over
it? And when will we cease to have quarrels over it?
Like causes produce like effects. It is worth while to
observe that we have generally had comparative
peace upon the slavery question, and that there has
been no cause for alarm until it was excited by the
effort to spread it into new territory. Whenever it has
been limited to its present bounds, and there has
been no effort to spread it, there has been peace. All
the trouble and convulsion has proceeded from
efforts to spread it over more territory. It was thus at
the date of the Missouri Compromise. It was so again
with the annexation of Texas; so with the territory
acquired by the Mexican War; and it is so now.
Whenever there has been an effort to spread it there
has been agitation and resistance. . . . Do you think
that the nature of man will be changed, that the same
causes that produced agitation at one time will not
have the same effect at another?",sat-practice_8-question_33,train,33,"What does Passage 1 suggest about the US government’s provisions for the institution of slavery, as framed in the Constitution?",They included no means for reconciling differences between free states and slave states.,They anticipated the Union’s expansion into western territories.,They provided a good basic structure that does not need to be changed.,"They were founded on an assumption that slavery was necessary for economic growth.

Answer:",C,They provided a good basic structure that does not need to be changed.,False
9,"SAT READING COMPREHENSION TEST

These passages are adapted from the Lincoln‑Douglas
debates. Passage 1 is from a statement by Stephen Douglas.
Passage 2 is from a statement by Abraham Lincoln. Douglas
and Lincoln engaged in a series of debates while competing
for a US Senate seat in 1858.

Passage 1
    Mr. Lincoln likens that bond of the Federal
Constitution, joining Free and Slave States together,
to a house divided against itself, and says that it is
contrary to the law of God, and cannot stand.
When did he learn, and by what authority does he
proclaim, that this Government is contrary to the law
of God and cannot stand? It has stood thus divided
into Free and Slave States from its organization up to
this day. During that period we have increased from
four millions to thirty millions of people; we have
extended our territory from the Mississippi to the
Pacific Ocean; we have acquired the Floridas and
Texas, and other territory sufficient to double our
geographical extent; we have increased in population,
in wealth, and in power beyond any example on
earth; we have risen from a weak and feeble power to
become the terror and admiration of the civilized
world; and all this has been done under a
Constitution which Mr. Lincoln, in substance, says is
in violation of the law of God; and under a Union
divided into Free and Slave States, which Mr. Lincoln
thinks, because of such division, cannot stand.
Surely, Mr. Lincoln is a wiser man than those who
framed the Government....
    I now come back to the question, why cannot this
Union exist forever, divided into Free and Slave
States, as our fathers made it? It can thus exist if each
State will carry out the principles upon which our
institutions were founded; to wit, the right of each
State to do as it pleases, without meddling with its
neighbors. Just act upon that great principle, and this
Union will not only live forever, but it will extend
and expand until it covers the whole continent, and
makes this confederacy one grand, ocean-bound
Republic. We must bear in mind that we are yet a
young nation, growing with a rapidity unequalled in
the history of the world, that our national increase is
great, and that the emigration from the old world is
increasing, requiring us to expand and acquire new
territory from time to time, in order to give our
people land to live upon. If we live upon the principle
of State rights and State sovereignty, each State
regulating its own affairs and minding its own
business, we can go on and extend indefinitely, just
as fast and as far as we need the territory....

Passage 2
    In complaining of what I said in my speech at
Springfield, in which he says I accepted my
nomination for the Senatorship . . . he again quotes
that portion in which I said that “a house divided
against itself cannot stand.” Let me say a word in
regard to that matter. He tries to persuade us that
there must be a variety in the different institutions of
the States of the Union; that that variety necessarily
proceeds from the variety of soil, climate, of the face
of the country, and the difference in the natural
features of the States. I agree to all that. Have these
very matters ever produced any difficulty among us?
Not at all. Have we ever had any quarrel over the fact
that they have laws in Louisiana designed to regulate
the commerce that springs from the production of
sugar? Or because we have a different class relative to
the production of flour in this State? Have they
produced any differences? Not at all. They are the
very cements of this Union. They don’t make the
house a “house divided against itself.” They are the
props that hold up the house and sustain the Union.
    But has it been so with this element of slavery?
Have we not always had quarrels and difficulties over
it? And when will we cease to have quarrels over it?
Like causes produce like effects. It is worth while to
observe that we have generally had comparative
peace upon the slavery question, and that there has
been no cause for alarm until it was excited by the
effort to spread it into new territory. Whenever it has
been limited to its present bounds, and there has
been no effort to spread it, there has been peace. All
the trouble and convulsion has proceeded from
efforts to spread it over more territory. It was thus at
the date of the Missouri Compromise. It was so again
with the annexation of Texas; so with the territory
acquired by the Mexican War; and it is so now.
Whenever there has been an effort to spread it there
has been agitation and resistance. . . . Do you think
that the nature of man will be changed, that the same
causes that produced agitation at one time will not
have the same effect at another?",sat-practice_8-question_35,train,35,"As used in line 67, “element” most nearly means",ingredient.,environment.,factor.,"quality.

Answer:",C,factor.,True
9,"SAT READING COMPREHENSION TEST

These passages are adapted from the Lincoln‑Douglas
debates. Passage 1 is from a statement by Stephen Douglas.
Passage 2 is from a statement by Abraham Lincoln. Douglas
and Lincoln engaged in a series of debates while competing
for a US Senate seat in 1858.

Passage 1
    Mr. Lincoln likens that bond of the Federal
Constitution, joining Free and Slave States together,
to a house divided against itself, and says that it is
contrary to the law of God, and cannot stand.
When did he learn, and by what authority does he
proclaim, that this Government is contrary to the law
of God and cannot stand? It has stood thus divided
into Free and Slave States from its organization up to
this day. During that period we have increased from
four millions to thirty millions of people; we have
extended our territory from the Mississippi to the
Pacific Ocean; we have acquired the Floridas and
Texas, and other territory sufficient to double our
geographical extent; we have increased in population,
in wealth, and in power beyond any example on
earth; we have risen from a weak and feeble power to
become the terror and admiration of the civilized
world; and all this has been done under a
Constitution which Mr. Lincoln, in substance, says is
in violation of the law of God; and under a Union
divided into Free and Slave States, which Mr. Lincoln
thinks, because of such division, cannot stand.
Surely, Mr. Lincoln is a wiser man than those who
framed the Government....
    I now come back to the question, why cannot this
Union exist forever, divided into Free and Slave
States, as our fathers made it? It can thus exist if each
State will carry out the principles upon which our
institutions were founded; to wit, the right of each
State to do as it pleases, without meddling with its
neighbors. Just act upon that great principle, and this
Union will not only live forever, but it will extend
and expand until it covers the whole continent, and
makes this confederacy one grand, ocean-bound
Republic. We must bear in mind that we are yet a
young nation, growing with a rapidity unequalled in
the history of the world, that our national increase is
great, and that the emigration from the old world is
increasing, requiring us to expand and acquire new
territory from time to time, in order to give our
people land to live upon. If we live upon the principle
of State rights and State sovereignty, each State
regulating its own affairs and minding its own
business, we can go on and extend indefinitely, just
as fast and as far as we need the territory....

Passage 2
    In complaining of what I said in my speech at
Springfield, in which he says I accepted my
nomination for the Senatorship . . . he again quotes
that portion in which I said that “a house divided
against itself cannot stand.” Let me say a word in
regard to that matter. He tries to persuade us that
there must be a variety in the different institutions of
the States of the Union; that that variety necessarily
proceeds from the variety of soil, climate, of the face
of the country, and the difference in the natural
features of the States. I agree to all that. Have these
very matters ever produced any difficulty among us?
Not at all. Have we ever had any quarrel over the fact
that they have laws in Louisiana designed to regulate
the commerce that springs from the production of
sugar? Or because we have a different class relative to
the production of flour in this State? Have they
produced any differences? Not at all. They are the
very cements of this Union. They don’t make the
house a “house divided against itself.” They are the
props that hold up the house and sustain the Union.
    But has it been so with this element of slavery?
Have we not always had quarrels and difficulties over
it? And when will we cease to have quarrels over it?
Like causes produce like effects. It is worth while to
observe that we have generally had comparative
peace upon the slavery question, and that there has
been no cause for alarm until it was excited by the
effort to spread it into new territory. Whenever it has
been limited to its present bounds, and there has
been no effort to spread it, there has been peace. All
the trouble and convulsion has proceeded from
efforts to spread it over more territory. It was thus at
the date of the Missouri Compromise. It was so again
with the annexation of Texas; so with the territory
acquired by the Mexican War; and it is so now.
Whenever there has been an effort to spread it there
has been agitation and resistance. . . . Do you think
that the nature of man will be changed, that the same
causes that produced agitation at one time will not
have the same effect at another?",sat-practice_8-question_36,train,36,"Based on Passage 2, Lincoln would be most likely to agree with which claim about the controversy over slavery?",It can be ended only if Northern states act unilaterally to abolish slavery throughout the United States.,It would abate if attempts to introduce slavery to regions where it is not practiced were abandoned.,It has been exacerbated by the ambiguity of laws regulating the holding of slaves.,"It is fueled in part by differences in religion and social values from state to state.

Answer:",B,It would abate if attempts to introduce slavery to regions where it is not practiced were abandoned.,False
9,"SAT READING COMPREHENSION TEST

These passages are adapted from the Lincoln‑Douglas
debates. Passage 1 is from a statement by Stephen Douglas.
Passage 2 is from a statement by Abraham Lincoln. Douglas
and Lincoln engaged in a series of debates while competing
for a US Senate seat in 1858.

Passage 1
    Mr. Lincoln likens that bond of the Federal
Constitution, joining Free and Slave States together,
to a house divided against itself, and says that it is
contrary to the law of God, and cannot stand.
When did he learn, and by what authority does he
proclaim, that this Government is contrary to the law
of God and cannot stand? It has stood thus divided
into Free and Slave States from its organization up to
this day. During that period we have increased from
four millions to thirty millions of people; we have
extended our territory from the Mississippi to the
Pacific Ocean; we have acquired the Floridas and
Texas, and other territory sufficient to double our
geographical extent; we have increased in population,
in wealth, and in power beyond any example on
earth; we have risen from a weak and feeble power to
become the terror and admiration of the civilized
world; and all this has been done under a
Constitution which Mr. Lincoln, in substance, says is
in violation of the law of God; and under a Union
divided into Free and Slave States, which Mr. Lincoln
thinks, because of such division, cannot stand.
Surely, Mr. Lincoln is a wiser man than those who
framed the Government....
    I now come back to the question, why cannot this
Union exist forever, divided into Free and Slave
States, as our fathers made it? It can thus exist if each
State will carry out the principles upon which our
institutions were founded; to wit, the right of each
State to do as it pleases, without meddling with its
neighbors. Just act upon that great principle, and this
Union will not only live forever, but it will extend
and expand until it covers the whole continent, and
makes this confederacy one grand, ocean-bound
Republic. We must bear in mind that we are yet a
young nation, growing with a rapidity unequalled in
the history of the world, that our national increase is
great, and that the emigration from the old world is
increasing, requiring us to expand and acquire new
territory from time to time, in order to give our
people land to live upon. If we live upon the principle
of State rights and State sovereignty, each State
regulating its own affairs and minding its own
business, we can go on and extend indefinitely, just
as fast and as far as we need the territory....

Passage 2
    In complaining of what I said in my speech at
Springfield, in which he says I accepted my
nomination for the Senatorship . . . he again quotes
that portion in which I said that “a house divided
against itself cannot stand.” Let me say a word in
regard to that matter. He tries to persuade us that
there must be a variety in the different institutions of
the States of the Union; that that variety necessarily
proceeds from the variety of soil, climate, of the face
of the country, and the difference in the natural
features of the States. I agree to all that. Have these
very matters ever produced any difficulty among us?
Not at all. Have we ever had any quarrel over the fact
that they have laws in Louisiana designed to regulate
the commerce that springs from the production of
sugar? Or because we have a different class relative to
the production of flour in this State? Have they
produced any differences? Not at all. They are the
very cements of this Union. They don’t make the
house a “house divided against itself.” They are the
props that hold up the house and sustain the Union.
    But has it been so with this element of slavery?
Have we not always had quarrels and difficulties over
it? And when will we cease to have quarrels over it?
Like causes produce like effects. It is worth while to
observe that we have generally had comparative
peace upon the slavery question, and that there has
been no cause for alarm until it was excited by the
effort to spread it into new territory. Whenever it has
been limited to its present bounds, and there has
been no effort to spread it, there has been peace. All
the trouble and convulsion has proceeded from
efforts to spread it over more territory. It was thus at
the date of the Missouri Compromise. It was so again
with the annexation of Texas; so with the territory
acquired by the Mexican War; and it is so now.
Whenever there has been an effort to spread it there
has been agitation and resistance. . . . Do you think
that the nature of man will be changed, that the same
causes that produced agitation at one time will not
have the same effect at another?",sat-practice_8-question_38,train,38,"As used in line 84, “nature” most nearly means",force.,simplicity.,world.,"character.

Answer:",D,"character.

Answer:",True
9,"SAT READING COMPREHENSION TEST

These passages are adapted from the Lincoln‑Douglas
debates. Passage 1 is from a statement by Stephen Douglas.
Passage 2 is from a statement by Abraham Lincoln. Douglas
and Lincoln engaged in a series of debates while competing
for a US Senate seat in 1858.

Passage 1
    Mr. Lincoln likens that bond of the Federal
Constitution, joining Free and Slave States together,
to a house divided against itself, and says that it is
contrary to the law of God, and cannot stand.
When did he learn, and by what authority does he
proclaim, that this Government is contrary to the law
of God and cannot stand? It has stood thus divided
into Free and Slave States from its organization up to
this day. During that period we have increased from
four millions to thirty millions of people; we have
extended our territory from the Mississippi to the
Pacific Ocean; we have acquired the Floridas and
Texas, and other territory sufficient to double our
geographical extent; we have increased in population,
in wealth, and in power beyond any example on
earth; we have risen from a weak and feeble power to
become the terror and admiration of the civilized
world; and all this has been done under a
Constitution which Mr. Lincoln, in substance, says is
in violation of the law of God; and under a Union
divided into Free and Slave States, which Mr. Lincoln
thinks, because of such division, cannot stand.
Surely, Mr. Lincoln is a wiser man than those who
framed the Government....
    I now come back to the question, why cannot this
Union exist forever, divided into Free and Slave
States, as our fathers made it? It can thus exist if each
State will carry out the principles upon which our
institutions were founded; to wit, the right of each
State to do as it pleases, without meddling with its
neighbors. Just act upon that great principle, and this
Union will not only live forever, but it will extend
and expand until it covers the whole continent, and
makes this confederacy one grand, ocean-bound
Republic. We must bear in mind that we are yet a
young nation, growing with a rapidity unequalled in
the history of the world, that our national increase is
great, and that the emigration from the old world is
increasing, requiring us to expand and acquire new
territory from time to time, in order to give our
people land to live upon. If we live upon the principle
of State rights and State sovereignty, each State
regulating its own affairs and minding its own
business, we can go on and extend indefinitely, just
as fast and as far as we need the territory....

Passage 2
    In complaining of what I said in my speech at
Springfield, in which he says I accepted my
nomination for the Senatorship . . . he again quotes
that portion in which I said that “a house divided
against itself cannot stand.” Let me say a word in
regard to that matter. He tries to persuade us that
there must be a variety in the different institutions of
the States of the Union; that that variety necessarily
proceeds from the variety of soil, climate, of the face
of the country, and the difference in the natural
features of the States. I agree to all that. Have these
very matters ever produced any difficulty among us?
Not at all. Have we ever had any quarrel over the fact
that they have laws in Louisiana designed to regulate
the commerce that springs from the production of
sugar? Or because we have a different class relative to
the production of flour in this State? Have they
produced any differences? Not at all. They are the
very cements of this Union. They don’t make the
house a “house divided against itself.” They are the
props that hold up the house and sustain the Union.
    But has it been so with this element of slavery?
Have we not always had quarrels and difficulties over
it? And when will we cease to have quarrels over it?
Like causes produce like effects. It is worth while to
observe that we have generally had comparative
peace upon the slavery question, and that there has
been no cause for alarm until it was excited by the
effort to spread it into new territory. Whenever it has
been limited to its present bounds, and there has
been no effort to spread it, there has been peace. All
the trouble and convulsion has proceeded from
efforts to spread it over more territory. It was thus at
the date of the Missouri Compromise. It was so again
with the annexation of Texas; so with the territory
acquired by the Mexican War; and it is so now.
Whenever there has been an effort to spread it there
has been agitation and resistance. . . . Do you think
that the nature of man will be changed, that the same
causes that produced agitation at one time will not
have the same effect at another?",sat-practice_8-question_39,train,39,Which choice identifies a central tension between the two passages?,"Douglas proposes changes to federal policies on slavery, but Lincoln argues that such changes would enjoy no popular support.","Douglas expresses concerns about the economic impact of abolition, but Lincoln dismisses those concerns as irrelevant.","Douglas criticizes Lincoln for finding fault with the Constitution, and Lincoln argues that this criticism misrepresents his position.","Douglas offers an interpretation of federal law that conflicts with Lincoln’s, and Lincoln implies that Douglas’s interpretation is poorly reasoned.

Answer:",C,"Douglas criticizes Lincoln for finding fault with the Constitution, and Lincoln argues that this criticism misrepresents his position.",False
9,"SAT READING COMPREHENSION TEST

These passages are adapted from the Lincoln‑Douglas
debates. Passage 1 is from a statement by Stephen Douglas.
Passage 2 is from a statement by Abraham Lincoln. Douglas
and Lincoln engaged in a series of debates while competing
for a US Senate seat in 1858.

Passage 1
    Mr. Lincoln likens that bond of the Federal
Constitution, joining Free and Slave States together,
to a house divided against itself, and says that it is
contrary to the law of God, and cannot stand.
When did he learn, and by what authority does he
proclaim, that this Government is contrary to the law
of God and cannot stand? It has stood thus divided
into Free and Slave States from its organization up to
this day. During that period we have increased from
four millions to thirty millions of people; we have
extended our territory from the Mississippi to the
Pacific Ocean; we have acquired the Floridas and
Texas, and other territory sufficient to double our
geographical extent; we have increased in population,
in wealth, and in power beyond any example on
earth; we have risen from a weak and feeble power to
become the terror and admiration of the civilized
world; and all this has been done under a
Constitution which Mr. Lincoln, in substance, says is
in violation of the law of God; and under a Union
divided into Free and Slave States, which Mr. Lincoln
thinks, because of such division, cannot stand.
Surely, Mr. Lincoln is a wiser man than those who
framed the Government....
    I now come back to the question, why cannot this
Union exist forever, divided into Free and Slave
States, as our fathers made it? It can thus exist if each
State will carry out the principles upon which our
institutions were founded; to wit, the right of each
State to do as it pleases, without meddling with its
neighbors. Just act upon that great principle, and this
Union will not only live forever, but it will extend
and expand until it covers the whole continent, and
makes this confederacy one grand, ocean-bound
Republic. We must bear in mind that we are yet a
young nation, growing with a rapidity unequalled in
the history of the world, that our national increase is
great, and that the emigration from the old world is
increasing, requiring us to expand and acquire new
territory from time to time, in order to give our
people land to live upon. If we live upon the principle
of State rights and State sovereignty, each State
regulating its own affairs and minding its own
business, we can go on and extend indefinitely, just
as fast and as far as we need the territory....

Passage 2
    In complaining of what I said in my speech at
Springfield, in which he says I accepted my
nomination for the Senatorship . . . he again quotes
that portion in which I said that “a house divided
against itself cannot stand.” Let me say a word in
regard to that matter. He tries to persuade us that
there must be a variety in the different institutions of
the States of the Union; that that variety necessarily
proceeds from the variety of soil, climate, of the face
of the country, and the difference in the natural
features of the States. I agree to all that. Have these
very matters ever produced any difficulty among us?
Not at all. Have we ever had any quarrel over the fact
that they have laws in Louisiana designed to regulate
the commerce that springs from the production of
sugar? Or because we have a different class relative to
the production of flour in this State? Have they
produced any differences? Not at all. They are the
very cements of this Union. They don’t make the
house a “house divided against itself.” They are the
props that hold up the house and sustain the Union.
    But has it been so with this element of slavery?
Have we not always had quarrels and difficulties over
it? And when will we cease to have quarrels over it?
Like causes produce like effects. It is worth while to
observe that we have generally had comparative
peace upon the slavery question, and that there has
been no cause for alarm until it was excited by the
effort to spread it into new territory. Whenever it has
been limited to its present bounds, and there has
been no effort to spread it, there has been peace. All
the trouble and convulsion has proceeded from
efforts to spread it over more territory. It was thus at
the date of the Missouri Compromise. It was so again
with the annexation of Texas; so with the territory
acquired by the Mexican War; and it is so now.
Whenever there has been an effort to spread it there
has been agitation and resistance. . . . Do you think
that the nature of man will be changed, that the same
causes that produced agitation at one time will not
have the same effect at another?",sat-practice_8-question_40,train,40,Both passages discuss the issue of slavery in relationship to,the expansion of the Union.,questions of morality.,religious toleration.,"laws regulating commerce.

Answer:",A,the expansion of the Union.,False
9,"SAT READING COMPREHENSION TEST

These passages are adapted from the Lincoln‑Douglas
debates. Passage 1 is from a statement by Stephen Douglas.
Passage 2 is from a statement by Abraham Lincoln. Douglas
and Lincoln engaged in a series of debates while competing
for a US Senate seat in 1858.

Passage 1
    Mr. Lincoln likens that bond of the Federal
Constitution, joining Free and Slave States together,
to a house divided against itself, and says that it is
contrary to the law of God, and cannot stand.
When did he learn, and by what authority does he
proclaim, that this Government is contrary to the law
of God and cannot stand? It has stood thus divided
into Free and Slave States from its organization up to
this day. During that period we have increased from
four millions to thirty millions of people; we have
extended our territory from the Mississippi to the
Pacific Ocean; we have acquired the Floridas and
Texas, and other territory sufficient to double our
geographical extent; we have increased in population,
in wealth, and in power beyond any example on
earth; we have risen from a weak and feeble power to
become the terror and admiration of the civilized
world; and all this has been done under a
Constitution which Mr. Lincoln, in substance, says is
in violation of the law of God; and under a Union
divided into Free and Slave States, which Mr. Lincoln
thinks, because of such division, cannot stand.
Surely, Mr. Lincoln is a wiser man than those who
framed the Government....
    I now come back to the question, why cannot this
Union exist forever, divided into Free and Slave
States, as our fathers made it? It can thus exist if each
State will carry out the principles upon which our
institutions were founded; to wit, the right of each
State to do as it pleases, without meddling with its
neighbors. Just act upon that great principle, and this
Union will not only live forever, but it will extend
and expand until it covers the whole continent, and
makes this confederacy one grand, ocean-bound
Republic. We must bear in mind that we are yet a
young nation, growing with a rapidity unequalled in
the history of the world, that our national increase is
great, and that the emigration from the old world is
increasing, requiring us to expand and acquire new
territory from time to time, in order to give our
people land to live upon. If we live upon the principle
of State rights and State sovereignty, each State
regulating its own affairs and minding its own
business, we can go on and extend indefinitely, just
as fast and as far as we need the territory....

Passage 2
    In complaining of what I said in my speech at
Springfield, in which he says I accepted my
nomination for the Senatorship . . . he again quotes
that portion in which I said that “a house divided
against itself cannot stand.” Let me say a word in
regard to that matter. He tries to persuade us that
there must be a variety in the different institutions of
the States of the Union; that that variety necessarily
proceeds from the variety of soil, climate, of the face
of the country, and the difference in the natural
features of the States. I agree to all that. Have these
very matters ever produced any difficulty among us?
Not at all. Have we ever had any quarrel over the fact
that they have laws in Louisiana designed to regulate
the commerce that springs from the production of
sugar? Or because we have a different class relative to
the production of flour in this State? Have they
produced any differences? Not at all. They are the
very cements of this Union. They don’t make the
house a “house divided against itself.” They are the
props that hold up the house and sustain the Union.
    But has it been so with this element of slavery?
Have we not always had quarrels and difficulties over
it? And when will we cease to have quarrels over it?
Like causes produce like effects. It is worth while to
observe that we have generally had comparative
peace upon the slavery question, and that there has
been no cause for alarm until it was excited by the
effort to spread it into new territory. Whenever it has
been limited to its present bounds, and there has
been no effort to spread it, there has been peace. All
the trouble and convulsion has proceeded from
efforts to spread it over more territory. It was thus at
the date of the Missouri Compromise. It was so again
with the annexation of Texas; so with the territory
acquired by the Mexican War; and it is so now.
Whenever there has been an effort to spread it there
has been agitation and resistance. . . . Do you think
that the nature of man will be changed, that the same
causes that produced agitation at one time will not
have the same effect at another?",sat-practice_8-question_41,train,41,"In the context of each passage as a whole, the questions in lines 25-27 of Passage 1 and lines 67-69 of Passage 2 primarily function to help each speaker",cast doubt on the other’s sincerity.,criticize the other’s methods.,reproach the other’s actions.,"undermine the other’s argument.

Answer:",D,"undermine the other’s argument.

Answer:",True
10,"SAT READING COMPREHENSION TEST

This passage is adapted from Daniel Chamovitz, What a
Plant Knows: A Field Guide to the Senses. ©2012 by
Daniel Chamovitz

    The Venus flytrap [Dionaea muscipula] needs to
know when an ideal meal is crawling across its leaves.
Closing its trap requires a huge expense of energy,
and reopening the trap can take several hours, so
Dionaea only wants to spring closed when it’s sure
that the dawdling insect visiting its surface is large
enough to be worth its time. The large black hairs on
their lobes allow the Venus flytraps to literally feel
their prey, and they act as triggers that spring the
trap closed when the proper prey makes its way
across the trap. If the insect touches just one hair, the
trap will not spring shut; but a large enough bug will
likely touch two hairs within about twenty seconds,
and that signal springs the Venus flytrap into action.
    We can look at this system as analogous to
short-term memory. First, the flytrap encodes the
information (forms the memory) that something (it
doesn’t know what) has touched one of its hairs.
Then it stores this information for a number of
seconds (retains the memory) and finally retrieves
this information (recalls the memory) once a second
hair is touched. If a small ant takes a while to get
from one hair to the next, the trap will have forgotten
the first touch by the time the ant brushes up against
the next hair. In other words, it loses the storage of
the information, doesn’t close, and the ant
happily meanders on. How does the plant encode
and store the information from the unassuming
bug’s encounter with the first hair? How does it
remember the first touch in order to react upon the
second?
    Scientists have been puzzled by these questions
ever since John Burdon-Sanderson’s early report on
the physiology of the Venus flytrap in 1882. A
century later, Dieter Hodick and Andreas Sievers at
the University of Bonn in Germany proposed that
the flytrap stored information regarding how many
hairs have been touched in the electric charge of its
leaf. Their model is quite elegant in its simplicity.
In their studies, they discovered that touching a
trigger hair on the Venus flytrap causes an electric
action potential [a temporary reversal in the
electrical polarity of a cell membrane] that
induces calcium channels to open in the trap (this
coupling of action potentials and the opening of
calcium channels is similar to the processes that
occur during communication between human
neurons), thus causing a rapid increase in the
concentration of calcium ions.
    They proposed that the trap requires a relatively
high concentration of calcium in order to close
and that a single action potential from just one
trigger hair being touched does not reach this level.
Therefore, a second hair needs to be stimulated to
push the calcium concentration over this threshold
and spring the trap. The encoding of the information
requires maintaining a high enough level of calcium
so that a second increase (triggered by touching the
second hair) pushes the total concentration of
calcium over the threshold. As the calcium ion
concentrations dissipate over time, if the second
touch and potential don’t happen quickly, the final
concentration after the second trigger won’t be high
enough to close the trap, and the memory is lost.
Subsequent research supports this model.
    Alexander Volkov and his colleagues at Oakwood
University in Alabama first demonstrated that it is
indeed electricity that causes the Venus flytrap to
close. To test the model they rigged up very fine
electrodes and applied an electrical current to the
open lobes of the trap. This made the trap close
without any direct touch to its trigger hairs (while
they didn’t measure calcium levels, the current
likely led to increases). When they modified this
experiment by altering the amount of electrical
current, Volkov could determine the exact electrical
charge needed for the trap to close. As long as
fourteen microcoulombs—a tiny bit more than the
static electricity generated by rubbing two balloons
together—flowed between the two electrodes, the
trap closed. This could come as one large burst or as
a series of smaller charges within twenty seconds. If it
took longer than twenty seconds to accumulate the
total charge, the trap would remain open.",sat-practice_8-question_42,train,42,The primary purpose of the passage is to,discuss findings that offer a scientific explanation for the Venus flytrap’s closing action.,present research that suggests that the Venus flytrap’s predatory behavior is both complex and unique among plants.,identify the process by which the Venus flytrap’s closing action has evolved.,"provide a brief overview of the Venus flytrap and its predatory behavior.

Answer:",A,discuss findings that offer a scientific explanation for the Venus flytrap’s closing action.,False
10,"SAT READING COMPREHENSION TEST

This passage is adapted from Daniel Chamovitz, What a
Plant Knows: A Field Guide to the Senses. ©2012 by
Daniel Chamovitz

    The Venus flytrap [Dionaea muscipula] needs to
know when an ideal meal is crawling across its leaves.
Closing its trap requires a huge expense of energy,
and reopening the trap can take several hours, so
Dionaea only wants to spring closed when it’s sure
that the dawdling insect visiting its surface is large
enough to be worth its time. The large black hairs on
their lobes allow the Venus flytraps to literally feel
their prey, and they act as triggers that spring the
trap closed when the proper prey makes its way
across the trap. If the insect touches just one hair, the
trap will not spring shut; but a large enough bug will
likely touch two hairs within about twenty seconds,
and that signal springs the Venus flytrap into action.
    We can look at this system as analogous to
short-term memory. First, the flytrap encodes the
information (forms the memory) that something (it
doesn’t know what) has touched one of its hairs.
Then it stores this information for a number of
seconds (retains the memory) and finally retrieves
this information (recalls the memory) once a second
hair is touched. If a small ant takes a while to get
from one hair to the next, the trap will have forgotten
the first touch by the time the ant brushes up against
the next hair. In other words, it loses the storage of
the information, doesn’t close, and the ant
happily meanders on. How does the plant encode
and store the information from the unassuming
bug’s encounter with the first hair? How does it
remember the first touch in order to react upon the
second?
    Scientists have been puzzled by these questions
ever since John Burdon-Sanderson’s early report on
the physiology of the Venus flytrap in 1882. A
century later, Dieter Hodick and Andreas Sievers at
the University of Bonn in Germany proposed that
the flytrap stored information regarding how many
hairs have been touched in the electric charge of its
leaf. Their model is quite elegant in its simplicity.
In their studies, they discovered that touching a
trigger hair on the Venus flytrap causes an electric
action potential [a temporary reversal in the
electrical polarity of a cell membrane] that
induces calcium channels to open in the trap (this
coupling of action potentials and the opening of
calcium channels is similar to the processes that
occur during communication between human
neurons), thus causing a rapid increase in the
concentration of calcium ions.
    They proposed that the trap requires a relatively
high concentration of calcium in order to close
and that a single action potential from just one
trigger hair being touched does not reach this level.
Therefore, a second hair needs to be stimulated to
push the calcium concentration over this threshold
and spring the trap. The encoding of the information
requires maintaining a high enough level of calcium
so that a second increase (triggered by touching the
second hair) pushes the total concentration of
calcium over the threshold. As the calcium ion
concentrations dissipate over time, if the second
touch and potential don’t happen quickly, the final
concentration after the second trigger won’t be high
enough to close the trap, and the memory is lost.
Subsequent research supports this model.
    Alexander Volkov and his colleagues at Oakwood
University in Alabama first demonstrated that it is
indeed electricity that causes the Venus flytrap to
close. To test the model they rigged up very fine
electrodes and applied an electrical current to the
open lobes of the trap. This made the trap close
without any direct touch to its trigger hairs (while
they didn’t measure calcium levels, the current
likely led to increases). When they modified this
experiment by altering the amount of electrical
current, Volkov could determine the exact electrical
charge needed for the trap to close. As long as
fourteen microcoulombs—a tiny bit more than the
static electricity generated by rubbing two balloons
together—flowed between the two electrodes, the
trap closed. This could come as one large burst or as
a series of smaller charges within twenty seconds. If it
took longer than twenty seconds to accumulate the
total charge, the trap would remain open.",sat-practice_8-question_43,train,43,"Based on the passage, a significant advantage of the Venus flytrap’s requirement for multiple triggers is that it",enables the plant to identify the species of its prey.,conserves the plant’s calcium reserves.,safeguards the plant’s energy supply.,"prevents the plant from closing before capturing its prey.

Answer:",C,safeguards the plant’s energy supply.,False
10,"SAT READING COMPREHENSION TEST

This passage is adapted from Daniel Chamovitz, What a
Plant Knows: A Field Guide to the Senses. ©2012 by
Daniel Chamovitz

    The Venus flytrap [Dionaea muscipula] needs to
know when an ideal meal is crawling across its leaves.
Closing its trap requires a huge expense of energy,
and reopening the trap can take several hours, so
Dionaea only wants to spring closed when it’s sure
that the dawdling insect visiting its surface is large
enough to be worth its time. The large black hairs on
their lobes allow the Venus flytraps to literally feel
their prey, and they act as triggers that spring the
trap closed when the proper prey makes its way
across the trap. If the insect touches just one hair, the
trap will not spring shut; but a large enough bug will
likely touch two hairs within about twenty seconds,
and that signal springs the Venus flytrap into action.
    We can look at this system as analogous to
short-term memory. First, the flytrap encodes the
information (forms the memory) that something (it
doesn’t know what) has touched one of its hairs.
Then it stores this information for a number of
seconds (retains the memory) and finally retrieves
this information (recalls the memory) once a second
hair is touched. If a small ant takes a while to get
from one hair to the next, the trap will have forgotten
the first touch by the time the ant brushes up against
the next hair. In other words, it loses the storage of
the information, doesn’t close, and the ant
happily meanders on. How does the plant encode
and store the information from the unassuming
bug’s encounter with the first hair? How does it
remember the first touch in order to react upon the
second?
    Scientists have been puzzled by these questions
ever since John Burdon-Sanderson’s early report on
the physiology of the Venus flytrap in 1882. A
century later, Dieter Hodick and Andreas Sievers at
the University of Bonn in Germany proposed that
the flytrap stored information regarding how many
hairs have been touched in the electric charge of its
leaf. Their model is quite elegant in its simplicity.
In their studies, they discovered that touching a
trigger hair on the Venus flytrap causes an electric
action potential [a temporary reversal in the
electrical polarity of a cell membrane] that
induces calcium channels to open in the trap (this
coupling of action potentials and the opening of
calcium channels is similar to the processes that
occur during communication between human
neurons), thus causing a rapid increase in the
concentration of calcium ions.
    They proposed that the trap requires a relatively
high concentration of calcium in order to close
and that a single action potential from just one
trigger hair being touched does not reach this level.
Therefore, a second hair needs to be stimulated to
push the calcium concentration over this threshold
and spring the trap. The encoding of the information
requires maintaining a high enough level of calcium
so that a second increase (triggered by touching the
second hair) pushes the total concentration of
calcium over the threshold. As the calcium ion
concentrations dissipate over time, if the second
touch and potential don’t happen quickly, the final
concentration after the second trigger won’t be high
enough to close the trap, and the memory is lost.
Subsequent research supports this model.
    Alexander Volkov and his colleagues at Oakwood
University in Alabama first demonstrated that it is
indeed electricity that causes the Venus flytrap to
close. To test the model they rigged up very fine
electrodes and applied an electrical current to the
open lobes of the trap. This made the trap close
without any direct touch to its trigger hairs (while
they didn’t measure calcium levels, the current
likely led to increases). When they modified this
experiment by altering the amount of electrical
current, Volkov could determine the exact electrical
charge needed for the trap to close. As long as
fourteen microcoulombs—a tiny bit more than the
static electricity generated by rubbing two balloons
together—flowed between the two electrodes, the
trap closed. This could come as one large burst or as
a series of smaller charges within twenty seconds. If it
took longer than twenty seconds to accumulate the
total charge, the trap would remain open.",sat-practice_8-question_45,train,45,"The use of the phrases “dawdling insect” (line 6), “happily meanders” (line 27), and “unassuming bug’s encounter” (lines 28-29) in the first two paragraphs establishes a tone that is",academic.,melodramatic.,informal.,"mocking.

Answer:",C,informal.,True
10,"SAT READING COMPREHENSION TEST

This passage is adapted from Daniel Chamovitz, What a
Plant Knows: A Field Guide to the Senses. ©2012 by
Daniel Chamovitz

    The Venus flytrap [Dionaea muscipula] needs to
know when an ideal meal is crawling across its leaves.
Closing its trap requires a huge expense of energy,
and reopening the trap can take several hours, so
Dionaea only wants to spring closed when it’s sure
that the dawdling insect visiting its surface is large
enough to be worth its time. The large black hairs on
their lobes allow the Venus flytraps to literally feel
their prey, and they act as triggers that spring the
trap closed when the proper prey makes its way
across the trap. If the insect touches just one hair, the
trap will not spring shut; but a large enough bug will
likely touch two hairs within about twenty seconds,
and that signal springs the Venus flytrap into action.
    We can look at this system as analogous to
short-term memory. First, the flytrap encodes the
information (forms the memory) that something (it
doesn’t know what) has touched one of its hairs.
Then it stores this information for a number of
seconds (retains the memory) and finally retrieves
this information (recalls the memory) once a second
hair is touched. If a small ant takes a while to get
from one hair to the next, the trap will have forgotten
the first touch by the time the ant brushes up against
the next hair. In other words, it loses the storage of
the information, doesn’t close, and the ant
happily meanders on. How does the plant encode
and store the information from the unassuming
bug’s encounter with the first hair? How does it
remember the first touch in order to react upon the
second?
    Scientists have been puzzled by these questions
ever since John Burdon-Sanderson’s early report on
the physiology of the Venus flytrap in 1882. A
century later, Dieter Hodick and Andreas Sievers at
the University of Bonn in Germany proposed that
the flytrap stored information regarding how many
hairs have been touched in the electric charge of its
leaf. Their model is quite elegant in its simplicity.
In their studies, they discovered that touching a
trigger hair on the Venus flytrap causes an electric
action potential [a temporary reversal in the
electrical polarity of a cell membrane] that
induces calcium channels to open in the trap (this
coupling of action potentials and the opening of
calcium channels is similar to the processes that
occur during communication between human
neurons), thus causing a rapid increase in the
concentration of calcium ions.
    They proposed that the trap requires a relatively
high concentration of calcium in order to close
and that a single action potential from just one
trigger hair being touched does not reach this level.
Therefore, a second hair needs to be stimulated to
push the calcium concentration over this threshold
and spring the trap. The encoding of the information
requires maintaining a high enough level of calcium
so that a second increase (triggered by touching the
second hair) pushes the total concentration of
calcium over the threshold. As the calcium ion
concentrations dissipate over time, if the second
touch and potential don’t happen quickly, the final
concentration after the second trigger won’t be high
enough to close the trap, and the memory is lost.
Subsequent research supports this model.
    Alexander Volkov and his colleagues at Oakwood
University in Alabama first demonstrated that it is
indeed electricity that causes the Venus flytrap to
close. To test the model they rigged up very fine
electrodes and applied an electrical current to the
open lobes of the trap. This made the trap close
without any direct touch to its trigger hairs (while
they didn’t measure calcium levels, the current
likely led to increases). When they modified this
experiment by altering the amount of electrical
current, Volkov could determine the exact electrical
charge needed for the trap to close. As long as
fourteen microcoulombs—a tiny bit more than the
static electricity generated by rubbing two balloons
together—flowed between the two electrodes, the
trap closed. This could come as one large burst or as
a series of smaller charges within twenty seconds. If it
took longer than twenty seconds to accumulate the
total charge, the trap would remain open.",sat-practice_8-question_46,train,46,"In the second paragraph (lines 15-31), the discussion of short-term memory primarily functions to",clarify an explanation of what prompts the Venus flytrap to close.,advance a controversial hypothesis about the function of electric charges found in the leaf of the Venus flytrap.,stress the distinction between the strategies of the Venus flytrap and the strategies of human beings.,"emphasize the Venus flytrap’s capacity for retaining detailed information about its prey.

Answer:",A,clarify an explanation of what prompts the Venus flytrap to close.,True
10,"SAT READING COMPREHENSION TEST

This passage is adapted from Daniel Chamovitz, What a
Plant Knows: A Field Guide to the Senses. ©2012 by
Daniel Chamovitz

    The Venus flytrap [Dionaea muscipula] needs to
know when an ideal meal is crawling across its leaves.
Closing its trap requires a huge expense of energy,
and reopening the trap can take several hours, so
Dionaea only wants to spring closed when it’s sure
that the dawdling insect visiting its surface is large
enough to be worth its time. The large black hairs on
their lobes allow the Venus flytraps to literally feel
their prey, and they act as triggers that spring the
trap closed when the proper prey makes its way
across the trap. If the insect touches just one hair, the
trap will not spring shut; but a large enough bug will
likely touch two hairs within about twenty seconds,
and that signal springs the Venus flytrap into action.
    We can look at this system as analogous to
short-term memory. First, the flytrap encodes the
information (forms the memory) that something (it
doesn’t know what) has touched one of its hairs.
Then it stores this information for a number of
seconds (retains the memory) and finally retrieves
this information (recalls the memory) once a second
hair is touched. If a small ant takes a while to get
from one hair to the next, the trap will have forgotten
the first touch by the time the ant brushes up against
the next hair. In other words, it loses the storage of
the information, doesn’t close, and the ant
happily meanders on. How does the plant encode
and store the information from the unassuming
bug’s encounter with the first hair? How does it
remember the first touch in order to react upon the
second?
    Scientists have been puzzled by these questions
ever since John Burdon-Sanderson’s early report on
the physiology of the Venus flytrap in 1882. A
century later, Dieter Hodick and Andreas Sievers at
the University of Bonn in Germany proposed that
the flytrap stored information regarding how many
hairs have been touched in the electric charge of its
leaf. Their model is quite elegant in its simplicity.
In their studies, they discovered that touching a
trigger hair on the Venus flytrap causes an electric
action potential [a temporary reversal in the
electrical polarity of a cell membrane] that
induces calcium channels to open in the trap (this
coupling of action potentials and the opening of
calcium channels is similar to the processes that
occur during communication between human
neurons), thus causing a rapid increase in the
concentration of calcium ions.
    They proposed that the trap requires a relatively
high concentration of calcium in order to close
and that a single action potential from just one
trigger hair being touched does not reach this level.
Therefore, a second hair needs to be stimulated to
push the calcium concentration over this threshold
and spring the trap. The encoding of the information
requires maintaining a high enough level of calcium
so that a second increase (triggered by touching the
second hair) pushes the total concentration of
calcium over the threshold. As the calcium ion
concentrations dissipate over time, if the second
touch and potential don’t happen quickly, the final
concentration after the second trigger won’t be high
enough to close the trap, and the memory is lost.
Subsequent research supports this model.
    Alexander Volkov and his colleagues at Oakwood
University in Alabama first demonstrated that it is
indeed electricity that causes the Venus flytrap to
close. To test the model they rigged up very fine
electrodes and applied an electrical current to the
open lobes of the trap. This made the trap close
without any direct touch to its trigger hairs (while
they didn’t measure calcium levels, the current
likely led to increases). When they modified this
experiment by altering the amount of electrical
current, Volkov could determine the exact electrical
charge needed for the trap to close. As long as
fourteen microcoulombs—a tiny bit more than the
static electricity generated by rubbing two balloons
together—flowed between the two electrodes, the
trap closed. This could come as one large burst or as
a series of smaller charges within twenty seconds. If it
took longer than twenty seconds to accumulate the
total charge, the trap would remain open.",sat-practice_8-question_47,train,47,"According to the passage, which statement best explains why the Venus flytrap requires a second trigger hair to be touched within a short amount of time in order for its trap to close?",The second trigger produces an electrical charge that reverses the charge produced by the first trigger.,The second trigger stabilizes the surge of calcium ions created by the first trigger.,The second trigger prompts the calcium channels to open.,"The second trigger provides a necessary supplement to the calcium concentration released by the first trigger.

Answer:",D,"The second trigger provides a necessary supplement to the calcium concentration released by the first trigger.

Answer:",False
10,"SAT READING COMPREHENSION TEST

This passage is adapted from Daniel Chamovitz, What a
Plant Knows: A Field Guide to the Senses. ©2012 by
Daniel Chamovitz

    The Venus flytrap [Dionaea muscipula] needs to
know when an ideal meal is crawling across its leaves.
Closing its trap requires a huge expense of energy,
and reopening the trap can take several hours, so
Dionaea only wants to spring closed when it’s sure
that the dawdling insect visiting its surface is large
enough to be worth its time. The large black hairs on
their lobes allow the Venus flytraps to literally feel
their prey, and they act as triggers that spring the
trap closed when the proper prey makes its way
across the trap. If the insect touches just one hair, the
trap will not spring shut; but a large enough bug will
likely touch two hairs within about twenty seconds,
and that signal springs the Venus flytrap into action.
    We can look at this system as analogous to
short-term memory. First, the flytrap encodes the
information (forms the memory) that something (it
doesn’t know what) has touched one of its hairs.
Then it stores this information for a number of
seconds (retains the memory) and finally retrieves
this information (recalls the memory) once a second
hair is touched. If a small ant takes a while to get
from one hair to the next, the trap will have forgotten
the first touch by the time the ant brushes up against
the next hair. In other words, it loses the storage of
the information, doesn’t close, and the ant
happily meanders on. How does the plant encode
and store the information from the unassuming
bug’s encounter with the first hair? How does it
remember the first touch in order to react upon the
second?
    Scientists have been puzzled by these questions
ever since John Burdon-Sanderson’s early report on
the physiology of the Venus flytrap in 1882. A
century later, Dieter Hodick and Andreas Sievers at
the University of Bonn in Germany proposed that
the flytrap stored information regarding how many
hairs have been touched in the electric charge of its
leaf. Their model is quite elegant in its simplicity.
In their studies, they discovered that touching a
trigger hair on the Venus flytrap causes an electric
action potential [a temporary reversal in the
electrical polarity of a cell membrane] that
induces calcium channels to open in the trap (this
coupling of action potentials and the opening of
calcium channels is similar to the processes that
occur during communication between human
neurons), thus causing a rapid increase in the
concentration of calcium ions.
    They proposed that the trap requires a relatively
high concentration of calcium in order to close
and that a single action potential from just one
trigger hair being touched does not reach this level.
Therefore, a second hair needs to be stimulated to
push the calcium concentration over this threshold
and spring the trap. The encoding of the information
requires maintaining a high enough level of calcium
so that a second increase (triggered by touching the
second hair) pushes the total concentration of
calcium over the threshold. As the calcium ion
concentrations dissipate over time, if the second
touch and potential don’t happen quickly, the final
concentration after the second trigger won’t be high
enough to close the trap, and the memory is lost.
Subsequent research supports this model.
    Alexander Volkov and his colleagues at Oakwood
University in Alabama first demonstrated that it is
indeed electricity that causes the Venus flytrap to
close. To test the model they rigged up very fine
electrodes and applied an electrical current to the
open lobes of the trap. This made the trap close
without any direct touch to its trigger hairs (while
they didn’t measure calcium levels, the current
likely led to increases). When they modified this
experiment by altering the amount of electrical
current, Volkov could determine the exact electrical
charge needed for the trap to close. As long as
fourteen microcoulombs—a tiny bit more than the
static electricity generated by rubbing two balloons
together—flowed between the two electrodes, the
trap closed. This could come as one large burst or as
a series of smaller charges within twenty seconds. If it
took longer than twenty seconds to accumulate the
total charge, the trap would remain open.",sat-practice_8-question_48,train,48,Which choice describes a scenario in which Hodick and Sievers’s model predicts that a Venus flytrap will NOT close around an insect?,A large insect’s second contact with the plant’s trigger hairs results in a total calcium ion concentration above the trap’s threshold.,A large insect makes contact with a second trigger hair after a period of inactivity during which calcium ion concentrations have diminished appreciably.,A large insect’s contact with the plant’s trigger hairs causes calcium channels to open in the trap.,"A large insect’s contact with a second trigger hair occurs within ten seconds of its contact with the first trigger hair.

Answer:",B,A large insect makes contact with a second trigger hair after a period of inactivity during which calcium ion concentrations have diminished appreciably.,False
10,"SAT READING COMPREHENSION TEST

This passage is adapted from Daniel Chamovitz, What a
Plant Knows: A Field Guide to the Senses. ©2012 by
Daniel Chamovitz

    The Venus flytrap [Dionaea muscipula] needs to
know when an ideal meal is crawling across its leaves.
Closing its trap requires a huge expense of energy,
and reopening the trap can take several hours, so
Dionaea only wants to spring closed when it’s sure
that the dawdling insect visiting its surface is large
enough to be worth its time. The large black hairs on
their lobes allow the Venus flytraps to literally feel
their prey, and they act as triggers that spring the
trap closed when the proper prey makes its way
across the trap. If the insect touches just one hair, the
trap will not spring shut; but a large enough bug will
likely touch two hairs within about twenty seconds,
and that signal springs the Venus flytrap into action.
    We can look at this system as analogous to
short-term memory. First, the flytrap encodes the
information (forms the memory) that something (it
doesn’t know what) has touched one of its hairs.
Then it stores this information for a number of
seconds (retains the memory) and finally retrieves
this information (recalls the memory) once a second
hair is touched. If a small ant takes a while to get
from one hair to the next, the trap will have forgotten
the first touch by the time the ant brushes up against
the next hair. In other words, it loses the storage of
the information, doesn’t close, and the ant
happily meanders on. How does the plant encode
and store the information from the unassuming
bug’s encounter with the first hair? How does it
remember the first touch in order to react upon the
second?
    Scientists have been puzzled by these questions
ever since John Burdon-Sanderson’s early report on
the physiology of the Venus flytrap in 1882. A
century later, Dieter Hodick and Andreas Sievers at
the University of Bonn in Germany proposed that
the flytrap stored information regarding how many
hairs have been touched in the electric charge of its
leaf. Their model is quite elegant in its simplicity.
In their studies, they discovered that touching a
trigger hair on the Venus flytrap causes an electric
action potential [a temporary reversal in the
electrical polarity of a cell membrane] that
induces calcium channels to open in the trap (this
coupling of action potentials and the opening of
calcium channels is similar to the processes that
occur during communication between human
neurons), thus causing a rapid increase in the
concentration of calcium ions.
    They proposed that the trap requires a relatively
high concentration of calcium in order to close
and that a single action potential from just one
trigger hair being touched does not reach this level.
Therefore, a second hair needs to be stimulated to
push the calcium concentration over this threshold
and spring the trap. The encoding of the information
requires maintaining a high enough level of calcium
so that a second increase (triggered by touching the
second hair) pushes the total concentration of
calcium over the threshold. As the calcium ion
concentrations dissipate over time, if the second
touch and potential don’t happen quickly, the final
concentration after the second trigger won’t be high
enough to close the trap, and the memory is lost.
Subsequent research supports this model.
    Alexander Volkov and his colleagues at Oakwood
University in Alabama first demonstrated that it is
indeed electricity that causes the Venus flytrap to
close. To test the model they rigged up very fine
electrodes and applied an electrical current to the
open lobes of the trap. This made the trap close
without any direct touch to its trigger hairs (while
they didn’t measure calcium levels, the current
likely led to increases). When they modified this
experiment by altering the amount of electrical
current, Volkov could determine the exact electrical
charge needed for the trap to close. As long as
fourteen microcoulombs—a tiny bit more than the
static electricity generated by rubbing two balloons
together—flowed between the two electrodes, the
trap closed. This could come as one large burst or as
a series of smaller charges within twenty seconds. If it
took longer than twenty seconds to accumulate the
total charge, the trap would remain open.",sat-practice_8-question_49,train,49,"As used in line 67, “demonstrated” most nearly means",protested.,established.,performed.,"argued.

Answer:",B,established.,True
10,"SAT READING COMPREHENSION TEST

This passage is adapted from Daniel Chamovitz, What a
Plant Knows: A Field Guide to the Senses. ©2012 by
Daniel Chamovitz

    The Venus flytrap [Dionaea muscipula] needs to
know when an ideal meal is crawling across its leaves.
Closing its trap requires a huge expense of energy,
and reopening the trap can take several hours, so
Dionaea only wants to spring closed when it’s sure
that the dawdling insect visiting its surface is large
enough to be worth its time. The large black hairs on
their lobes allow the Venus flytraps to literally feel
their prey, and they act as triggers that spring the
trap closed when the proper prey makes its way
across the trap. If the insect touches just one hair, the
trap will not spring shut; but a large enough bug will
likely touch two hairs within about twenty seconds,
and that signal springs the Venus flytrap into action.
    We can look at this system as analogous to
short-term memory. First, the flytrap encodes the
information (forms the memory) that something (it
doesn’t know what) has touched one of its hairs.
Then it stores this information for a number of
seconds (retains the memory) and finally retrieves
this information (recalls the memory) once a second
hair is touched. If a small ant takes a while to get
from one hair to the next, the trap will have forgotten
the first touch by the time the ant brushes up against
the next hair. In other words, it loses the storage of
the information, doesn’t close, and the ant
happily meanders on. How does the plant encode
and store the information from the unassuming
bug’s encounter with the first hair? How does it
remember the first touch in order to react upon the
second?
    Scientists have been puzzled by these questions
ever since John Burdon-Sanderson’s early report on
the physiology of the Venus flytrap in 1882. A
century later, Dieter Hodick and Andreas Sievers at
the University of Bonn in Germany proposed that
the flytrap stored information regarding how many
hairs have been touched in the electric charge of its
leaf. Their model is quite elegant in its simplicity.
In their studies, they discovered that touching a
trigger hair on the Venus flytrap causes an electric
action potential [a temporary reversal in the
electrical polarity of a cell membrane] that
induces calcium channels to open in the trap (this
coupling of action potentials and the opening of
calcium channels is similar to the processes that
occur during communication between human
neurons), thus causing a rapid increase in the
concentration of calcium ions.
    They proposed that the trap requires a relatively
high concentration of calcium in order to close
and that a single action potential from just one
trigger hair being touched does not reach this level.
Therefore, a second hair needs to be stimulated to
push the calcium concentration over this threshold
and spring the trap. The encoding of the information
requires maintaining a high enough level of calcium
so that a second increase (triggered by touching the
second hair) pushes the total concentration of
calcium over the threshold. As the calcium ion
concentrations dissipate over time, if the second
touch and potential don’t happen quickly, the final
concentration after the second trigger won’t be high
enough to close the trap, and the memory is lost.
Subsequent research supports this model.
    Alexander Volkov and his colleagues at Oakwood
University in Alabama first demonstrated that it is
indeed electricity that causes the Venus flytrap to
close. To test the model they rigged up very fine
electrodes and applied an electrical current to the
open lobes of the trap. This made the trap close
without any direct touch to its trigger hairs (while
they didn’t measure calcium levels, the current
likely led to increases). When they modified this
experiment by altering the amount of electrical
current, Volkov could determine the exact electrical
charge needed for the trap to close. As long as
fourteen microcoulombs—a tiny bit more than the
static electricity generated by rubbing two balloons
together—flowed between the two electrodes, the
trap closed. This could come as one large burst or as
a series of smaller charges within twenty seconds. If it
took longer than twenty seconds to accumulate the
total charge, the trap would remain open.",sat-practice_8-question_50,train,50,"Based on the passage, what potential criticism might be made of Volkov’s testing of Hodick and Sievers’s model?",Volkov’s understanding of Hodick and Sievers’s model was incorrect.,Volkov’s measurements did not corroborate a central element of Hodick and Sievers’s model.,Volkov’s direct application of an electrical current would have been objectionable to Hodick and Sievers.,"Volkov’s technology was not available to Hodick and Sievers.

Answer:",B,Volkov’s measurements did not corroborate a central element of Hodick and Sievers’s model.,False
10,"SAT READING COMPREHENSION TEST

This passage is adapted from Daniel Chamovitz, What a
Plant Knows: A Field Guide to the Senses. ©2012 by
Daniel Chamovitz

    The Venus flytrap [Dionaea muscipula] needs to
know when an ideal meal is crawling across its leaves.
Closing its trap requires a huge expense of energy,
and reopening the trap can take several hours, so
Dionaea only wants to spring closed when it’s sure
that the dawdling insect visiting its surface is large
enough to be worth its time. The large black hairs on
their lobes allow the Venus flytraps to literally feel
their prey, and they act as triggers that spring the
trap closed when the proper prey makes its way
across the trap. If the insect touches just one hair, the
trap will not spring shut; but a large enough bug will
likely touch two hairs within about twenty seconds,
and that signal springs the Venus flytrap into action.
    We can look at this system as analogous to
short-term memory. First, the flytrap encodes the
information (forms the memory) that something (it
doesn’t know what) has touched one of its hairs.
Then it stores this information for a number of
seconds (retains the memory) and finally retrieves
this information (recalls the memory) once a second
hair is touched. If a small ant takes a while to get
from one hair to the next, the trap will have forgotten
the first touch by the time the ant brushes up against
the next hair. In other words, it loses the storage of
the information, doesn’t close, and the ant
happily meanders on. How does the plant encode
and store the information from the unassuming
bug’s encounter with the first hair? How does it
remember the first touch in order to react upon the
second?
    Scientists have been puzzled by these questions
ever since John Burdon-Sanderson’s early report on
the physiology of the Venus flytrap in 1882. A
century later, Dieter Hodick and Andreas Sievers at
the University of Bonn in Germany proposed that
the flytrap stored information regarding how many
hairs have been touched in the electric charge of its
leaf. Their model is quite elegant in its simplicity.
In their studies, they discovered that touching a
trigger hair on the Venus flytrap causes an electric
action potential [a temporary reversal in the
electrical polarity of a cell membrane] that
induces calcium channels to open in the trap (this
coupling of action potentials and the opening of
calcium channels is similar to the processes that
occur during communication between human
neurons), thus causing a rapid increase in the
concentration of calcium ions.
    They proposed that the trap requires a relatively
high concentration of calcium in order to close
and that a single action potential from just one
trigger hair being touched does not reach this level.
Therefore, a second hair needs to be stimulated to
push the calcium concentration over this threshold
and spring the trap. The encoding of the information
requires maintaining a high enough level of calcium
so that a second increase (triggered by touching the
second hair) pushes the total concentration of
calcium over the threshold. As the calcium ion
concentrations dissipate over time, if the second
touch and potential don’t happen quickly, the final
concentration after the second trigger won’t be high
enough to close the trap, and the memory is lost.
Subsequent research supports this model.
    Alexander Volkov and his colleagues at Oakwood
University in Alabama first demonstrated that it is
indeed electricity that causes the Venus flytrap to
close. To test the model they rigged up very fine
electrodes and applied an electrical current to the
open lobes of the trap. This made the trap close
without any direct touch to its trigger hairs (while
they didn’t measure calcium levels, the current
likely led to increases). When they modified this
experiment by altering the amount of electrical
current, Volkov could determine the exact electrical
charge needed for the trap to close. As long as
fourteen microcoulombs—a tiny bit more than the
static electricity generated by rubbing two balloons
together—flowed between the two electrodes, the
trap closed. This could come as one large burst or as
a series of smaller charges within twenty seconds. If it
took longer than twenty seconds to accumulate the
total charge, the trap would remain open.",sat-practice_8-question_52,train,52,"Based on the passage, in studying the Venus flytrap, Volkov and his colleagues made the most extensive use of which type of evidence?",Mathematical models to predict the electrical charge required to close the Venus flytrap,Analysis of data collected from previous researchers’ work involving the Venus flytrap’s response to electricity,Information obtained from monitoring the Venus flytrap’s response to varying amounts of electrical current,"Published theories of scientists who developed earlier models of the Venus flytrap

Answer:",C,Information obtained from monitoring the Venus flytrap’s response to varying amounts of electrical current,False
